population;cohort;site;sex;id;group;Rx(ppm);age_initiation(mo);status;dead;age(days)
UM-HET3;C2004;TJL;m;JL00005;4-OH-PBN;315;4;dead;1;896
UM-HET3;C2004;TJL;m;JL00006;4-OH-PBN;315;4;dead;1;1077
UM-HET3;C2004;TJL;m;JL00007;4-OH-PBN;315;4;dead;1;790
UM-HET3;C2004;TJL;f;JL00095;4-OH-PBN;315;4;dead;1;823
UM-HET3;C2004;TJL;f;JL00096;4-OH-PBN;315;4;dead;1;601
UM-HET3;C2004;TJL;f;JL00097;4-OH-PBN;315;4;dead;1;842
UM-HET3;C2004;TJL;f;JL00098;4-OH-PBN;315;4;dead;1;885
UM-HET3;C2004;TJL;m;JL00106;4-OH-PBN;315;4;dead;1;912
UM-HET3;C2004;TJL;m;JL00107;4-OH-PBN;315;4;dead;1;919
UM-HET3;C2004;TJL;m;JL00108;4-OH-PBN;315;4;dead;1;967
UM-HET3;C2004;TJL;m;JL00113;4-OH-PBN;315;4;dead;1;605
UM-HET3;C2004;TJL;m;JL00114;4-OH-PBN;315;4;dead;1;870
UM-HET3;C2004;TJL;m;JL00115;4-OH-PBN;315;4;dead;1;435
UM-HET3;C2004;TJL;m;JL00152;4-OH-PBN;315;4;removed;0;653
UM-HET3;C2004;TJL;m;JL00153;4-OH-PBN;315;4;dead;1;128
UM-HET3;C2004;TJL;m;JL00154;4-OH-PBN;315;4;removed;0;653
UM-HET3;C2004;TJL;m;JL00159;4-OH-PBN;315;4;dead;1;910
UM-HET3;C2004;TJL;m;JL00160;4-OH-PBN;315;4;dead;1;1028
UM-HET3;C2004;TJL;m;JL00161;4-OH-PBN;315;4;dead;1;939
UM-HET3;C2004;TJL;f;JL00188;4-OH-PBN;315;4;dead;1;950
UM-HET3;C2004;TJL;f;JL00189;4-OH-PBN;315;4;dead;1;686
UM-HET3;C2004;TJL;f;JL00190;4-OH-PBN;315;4;dead;1;610
UM-HET3;C2004;TJL;f;JL00191;4-OH-PBN;315;4;dead;1;1043
UM-HET3;C2004;TJL;m;JL00192;4-OH-PBN;315;4;dead;1;496
UM-HET3;C2004;TJL;m;JL00193;4-OH-PBN;315;4;dead;1;876
UM-HET3;C2004;TJL;m;JL00194;4-OH-PBN;315;4;dead;1;961
UM-HET3;C2004;TJL;f;JL00237;4-OH-PBN;315;4;dead;1;715
UM-HET3;C2004;TJL;f;JL00238;4-OH-PBN;315;4;dead;1;930
UM-HET3;C2004;TJL;f;JL00239;4-OH-PBN;315;4;dead;1;1101
UM-HET3;C2004;TJL;f;JL00240;4-OH-PBN;315;4;dead;1;820
UM-HET3;C2004;TJL;f;JL00264;4-OH-PBN;315;4;dead;1;620
UM-HET3;C2004;TJL;f;JL00265;4-OH-PBN;315;4;dead;1;850
UM-HET3;C2004;TJL;f;JL00266;4-OH-PBN;315;4;dead;1;584
UM-HET3;C2004;TJL;f;JL00267;4-OH-PBN;315;4;dead;1;850
UM-HET3;C2004;TJL;m;JL00268;4-OH-PBN;315;4;dead;1;416
UM-HET3;C2004;TJL;m;JL00269;4-OH-PBN;315;4;dead;1;634
UM-HET3;C2004;TJL;m;JL00270;4-OH-PBN;315;4;dead;1;641
UM-HET3;C2004;TJL;f;JL00278;4-OH-PBN;315;4;dead;1;876
UM-HET3;C2004;TJL;f;JL00279;4-OH-PBN;315;4;dead;1;959
UM-HET3;C2004;TJL;f;JL00280;4-OH-PBN;315;4;dead;1;762
UM-HET3;C2004;TJL;f;JL00281;4-OH-PBN;315;4;dead;1;328
UM-HET3;C2004;TJL;f;JL00307;4-OH-PBN;315;4;dead;1;981
UM-HET3;C2004;TJL;f;JL00308;4-OH-PBN;315;4;dead;1;743
UM-HET3;C2004;TJL;f;JL00309;4-OH-PBN;315;4;dead;1;743
UM-HET3;C2004;TJL;f;JL00310;4-OH-PBN;315;4;dead;1;1099
UM-HET3;C2004;TJL;f;JL00335;4-OH-PBN;315;4;dead;1;793
UM-HET3;C2004;TJL;f;JL00336;4-OH-PBN;315;4;dead;1;927
UM-HET3;C2004;TJL;f;JL00337;4-OH-PBN;315;4;dead;1;912
UM-HET3;C2004;TJL;f;JL00338;4-OH-PBN;315;4;dead;1;1005
UM-HET3;C2004;TJL;f;JL00361;4-OH-PBN;315;4;dead;1;916
UM-HET3;C2004;TJL;f;JL00362;4-OH-PBN;315;4;dead;1;367
UM-HET3;C2004;TJL;f;JL00363;4-OH-PBN;315;4;dead;1;677
UM-HET3;C2004;TJL;f;JL00364;4-OH-PBN;315;4;dead;1;1055
UM-HET3;C2004;TJL;m;JL00371;4-OH-PBN;315;4;dead;1;491
UM-HET3;C2004;TJL;m;JL00372;4-OH-PBN;315;4;dead;1;966
UM-HET3;C2004;TJL;m;JL00373;4-OH-PBN;315;4;dead;1;659
UM-HET3;C2004;TJL;m;JL00404;4-OH-PBN;315;4;dead;1;722
UM-HET3;C2004;TJL;m;JL00405;4-OH-PBN;315;4;dead;1;597
UM-HET3;C2004;TJL;m;JL00406;4-OH-PBN;315;4;dead;1;853
UM-HET3;C2004;TJL;f;JL00407;4-OH-PBN;315;4;dead;1;874
UM-HET3;C2004;TJL;f;JL00408;4-OH-PBN;315;4;dead;1;448
UM-HET3;C2004;TJL;f;JL00409;4-OH-PBN;315;4;dead;1;990
UM-HET3;C2004;TJL;f;JL00410;4-OH-PBN;315;4;dead;1;1119
UM-HET3;C2004;TJL;m;JL00418;4-OH-PBN;315;4;dead;1;910
UM-HET3;C2004;TJL;m;JL00419;4-OH-PBN;315;4;dead;1;881
UM-HET3;C2004;TJL;m;JL00420;4-OH-PBN;315;4;dead;1;862
UM-HET3;C2004;TJL;m;JL00425;4-OH-PBN;315;4;dead;1;1037
UM-HET3;C2004;TJL;m;JL00426;4-OH-PBN;315;4;dead;1;792
UM-HET3;C2004;TJL;m;JL00427;4-OH-PBN;315;4;dead;1;953
UM-HET3;C2004;TJL;m;JL00431;4-OH-PBN;315;4;dead;1;248
UM-HET3;C2004;TJL;m;JL00432;4-OH-PBN;315;4;dead;1;787
UM-HET3;C2004;TJL;m;JL00433;4-OH-PBN;315;4;dead;1;387
UM-HET3;C2004;TJL;m;JL00437;4-OH-PBN;315;4;dead;1;745
UM-HET3;C2004;TJL;m;JL00438;4-OH-PBN;315;4;dead;1;738
UM-HET3;C2004;TJL;m;JL00439;4-OH-PBN;315;4;dead;1;550
UM-HET3;C2004;TJL;m;JL00465;4-OH-PBN;315;4;dead;1;769
UM-HET3;C2004;TJL;m;JL00466;4-OH-PBN;315;4;dead;1;355
UM-HET3;C2004;TJL;m;JL00467;4-OH-PBN;315;4;dead;1;502
UM-HET3;C2004;TJL;m;JL00487;4-OH-PBN;315;4;dead;1;911
UM-HET3;C2004;TJL;m;JL00488;4-OH-PBN;315;4;dead;1;547
UM-HET3;C2004;TJL;m;JL00489;4-OH-PBN;315;4;dead;1;652
UM-HET3;C2004;TJL;f;JL00494;4-OH-PBN;315;4;dead;1;1004
UM-HET3;C2004;TJL;f;JL00495;4-OH-PBN;315;4;dead;1;1057
UM-HET3;C2004;TJL;f;JL00496;4-OH-PBN;315;4;dead;1;906
UM-HET3;C2004;TJL;f;JL00497;4-OH-PBN;315;4;dead;1;970
UM-HET3;C2004;TJL;m;JL00531;4-OH-PBN;315;4;dead;1;170
UM-HET3;C2004;TJL;m;JL00532;4-OH-PBN;315;4;dead;1;365
UM-HET3;C2004;TJL;m;JL00533;4-OH-PBN;315;4;dead;1;836
UM-HET3;C2004;TJL;f;JL00538;4-OH-PBN;315;4;dead;1;1019
UM-HET3;C2004;TJL;f;JL00539;4-OH-PBN;315;4;dead;1;988
UM-HET3;C2004;TJL;f;JL00540;4-OH-PBN;315;4;dead;1;655
UM-HET3;C2004;TJL;f;JL00541;4-OH-PBN;315;4;dead;1;837
UM-HET3;C2004;TJL;m;JL00614;4-OH-PBN;315;4;dead;1;447
UM-HET3;C2004;TJL;m;JL00615;4-OH-PBN;315;4;dead;1;713
UM-HET3;C2004;TJL;m;JL00616;4-OH-PBN;315;4;dead;1;685
UM-HET3;C2004;TJL;f;JL00676;4-OH-PBN;315;4;dead;1;927
UM-HET3;C2004;TJL;f;JL00677;4-OH-PBN;315;4;dead;1;715
UM-HET3;C2004;TJL;f;JL00678;4-OH-PBN;315;4;dead;1;813
UM-HET3;C2004;TJL;f;JL00679;4-OH-PBN;315;4;dead;1;905
UM-HET3;C2004;TJL;m;JL00856;4-OH-PBN;315;4;dead;1;414
UM-HET3;C2004;TJL;m;JL00857;4-OH-PBN;315;4;dead;1;293
UM-HET3;C2004;TJL;m;JL00858;4-OH-PBN;315;4;dead;1;405
UM-HET3;C2004;TJL;m;JL00859;4-OH-PBN;315;4;dead;1;695
UM-HET3;C2004;TJL;m;JL00860;4-OH-PBN;315;4;dead;1;330
UM-HET3;C2004;TJL;m;JL00861;4-OH-PBN;315;4;dead;1;429
UM-HET3;C2004;TJL;m;JL00862;4-OH-PBN;315;4;dead;1;920
UM-HET3;C2004;TJL;m;JL00863;4-OH-PBN;315;4;dead;1;570
UM-HET3;C2004;TJL;m;JL00864;4-OH-PBN;315;4;dead;1;625
UM-HET3;C2004;UM;m;UM00105;4-OH-PBN;315;4;dead;1;861
UM-HET3;C2004;UM;m;UM00112;4-OH-PBN;315;4;dead;1;1117
UM-HET3;C2004;UM;m;UM00119;4-OH-PBN;315;4;dead;1;881
UM-HET3;C2004;UM;m;UM00504;4-OH-PBN;315;4;dead;1;879
UM-HET3;C2004;UM;m;UM00511;4-OH-PBN;315;4;dead;1;866
UM-HET3;C2004;UM;m;UM00518;4-OH-PBN;315;4;dead;1;1107
UM-HET3;C2004;UM;m;UM00546;4-OH-PBN;315;4;removed;0;240
UM-HET3;C2004;UM;m;UM00553;4-OH-PBN;315;4;removed;0;240
UM-HET3;C2004;UM;m;UM00560;4-OH-PBN;315;4;removed;0;240
UM-HET3;C2004;UM;f;UM00567;4-OH-PBN;315;4;dead;1;1064
UM-HET3;C2004;UM;f;UM00574;4-OH-PBN;315;4;dead;1;707
UM-HET3;C2004;UM;f;UM00581;4-OH-PBN;315;4;dead;1;1048
UM-HET3;C2004;UM;f;UM00588;4-OH-PBN;315;4;dead;1;723
UM-HET3;C2004;UM;f;UM00672;4-OH-PBN;315;4;dead;1;627
UM-HET3;C2004;UM;f;UM00679;4-OH-PBN;315;4;dead;1;751
UM-HET3;C2004;UM;f;UM00686;4-OH-PBN;315;4;dead;1;755
UM-HET3;C2004;UM;f;UM00693;4-OH-PBN;315;4;dead;1;688
UM-HET3;C2004;UM;m;UM00812;4-OH-PBN;315;4;dead;1;1243
UM-HET3;C2004;UM;m;UM00819;4-OH-PBN;315;4;dead;1;981
UM-HET3;C2004;UM;m;UM00826;4-OH-PBN;315;4;dead;1;507
UM-HET3;C2004;UM;m;UM00903;4-OH-PBN;315;4;dead;1;837
UM-HET3;C2004;UM;m;UM00910;4-OH-PBN;315;4;dead;1;1026
UM-HET3;C2004;UM;m;UM00917;4-OH-PBN;315;4;dead;1;896
UM-HET3;C2004;UM;m;UM01141;4-OH-PBN;315;4;dead;1;776
UM-HET3;C2004;UM;m;UM01148;4-OH-PBN;315;4;dead;1;549
UM-HET3;C2004;UM;m;UM01155;4-OH-PBN;315;4;dead;1;773
UM-HET3;C2004;UM;m;UM01253;4-OH-PBN;315;4;dead;1;742
UM-HET3;C2004;UM;m;UM01260;4-OH-PBN;315;4;dead;1;795
UM-HET3;C2004;UM;m;UM01267;4-OH-PBN;315;4;dead;1;1073
UM-HET3;C2004;UM;f;UM01274;4-OH-PBN;315;4;dead;1;827
UM-HET3;C2004;UM;f;UM01281;4-OH-PBN;315;4;dead;1;162
UM-HET3;C2004;UM;f;UM01288;4-OH-PBN;315;4;dead;1;984
UM-HET3;C2004;UM;f;UM01295;4-OH-PBN;315;4;dead;1;819
UM-HET3;C2004;UM;m;UM01729;4-OH-PBN;315;4;dead;1;1030
UM-HET3;C2004;UM;m;UM01736;4-OH-PBN;315;4;dead;1;886
UM-HET3;C2004;UM;m;UM01743;4-OH-PBN;315;4;dead;1;1016
UM-HET3;C2004;UM;m;UM01897;4-OH-PBN;315;4;dead;1;452
UM-HET3;C2004;UM;m;UM01904;4-OH-PBN;315;4;dead;1;1145
UM-HET3;C2004;UM;m;UM01911;4-OH-PBN;315;4;dead;1;850
UM-HET3;C2004;UM;m;UM02121;4-OH-PBN;315;4;dead;1;857
UM-HET3;C2004;UM;m;UM02128;4-OH-PBN;315;4;dead;1;1147
UM-HET3;C2004;UM;m;UM02135;4-OH-PBN;315;4;dead;1;355
UM-HET3;C2004;UM;f;UM02499;4-OH-PBN;315;4;dead;1;1135
UM-HET3;C2004;UM;f;UM02506;4-OH-PBN;315;4;dead;1;1092
UM-HET3;C2004;UM;f;UM02513;4-OH-PBN;315;4;dead;1;864
UM-HET3;C2004;UM;f;UM02520;4-OH-PBN;315;4;dead;1;1126
UM-HET3;C2004;UM;m;UM02737;4-OH-PBN;315;4;dead;1;787
UM-HET3;C2004;UM;m;UM02744;4-OH-PBN;315;4;dead;1;657
UM-HET3;C2004;UM;m;UM02751;4-OH-PBN;315;4;dead;1;968
UM-HET3;C2004;UM;f;UM03633;4-OH-PBN;315;4;dead;1;741
UM-HET3;C2004;UM;f;UM03640;4-OH-PBN;315;4;dead;1;654
UM-HET3;C2004;UM;f;UM03647;4-OH-PBN;315;4;dead;1;1091
UM-HET3;C2004;UM;f;UM03654;4-OH-PBN;315;4;dead;1;1011
UM-HET3;C2004;UM;f;UM03661;4-OH-PBN;315;4;removed;0;928
UM-HET3;C2004;UM;f;UM03668;4-OH-PBN;315;4;removed;0;928
UM-HET3;C2004;UM;f;UM03675;4-OH-PBN;315;4;dead;1;827
UM-HET3;C2004;UM;f;UM03682;4-OH-PBN;315;4;dead;1;806
UM-HET3;C2004;UM;m;UM03864;4-OH-PBN;315;4;dead;1;366
UM-HET3;C2004;UM;m;UM03871;4-OH-PBN;315;4;dead;1;901
UM-HET3;C2004;UM;m;UM03878;4-OH-PBN;315;4;dead;1;1036
UM-HET3;C2004;UM;m;UM03955;4-OH-PBN;315;4;dead;1;778
UM-HET3;C2004;UM;m;UM03962;4-OH-PBN;315;4;dead;1;659
UM-HET3;C2004;UM;m;UM03969;4-OH-PBN;315;4;dead;1;911
UM-HET3;C2004;UM;f;UM04067;4-OH-PBN;315;4;dead;1;803
UM-HET3;C2004;UM;f;UM04074;4-OH-PBN;315;4;dead;1;998
UM-HET3;C2004;UM;f;UM04081;4-OH-PBN;315;4;dead;1;877
UM-HET3;C2004;UM;f;UM04088;4-OH-PBN;315;4;dead;1;797
UM-HET3;C2004;UM;m;UM04186;4-OH-PBN;315;4;dead;1;1002
UM-HET3;C2004;UM;m;UM04193;4-OH-PBN;315;4;dead;1;871
UM-HET3;C2004;UM;m;UM04200;4-OH-PBN;315;4;dead;1;1087
UM-HET3;C2004;UM;m;UM04277;4-OH-PBN;315;4;dead;1;427
UM-HET3;C2004;UM;m;UM04284;4-OH-PBN;315;4;dead;1;693
UM-HET3;C2004;UM;m;UM04291;4-OH-PBN;315;4;dead;1;725
UM-HET3;C2004;UM;f;UM04389;4-OH-PBN;315;4;removed;0;575
UM-HET3;C2004;UM;f;UM04396;4-OH-PBN;315;4;removed;0;575
UM-HET3;C2004;UM;f;UM04403;4-OH-PBN;315;4;removed;0;575
UM-HET3;C2004;UM;f;UM04410;4-OH-PBN;315;4;removed;0;575
UM-HET3;C2004;UM;f;UM04438;4-OH-PBN;315;4;dead;1;863
UM-HET3;C2004;UM;f;UM04445;4-OH-PBN;315;4;dead;1;611
UM-HET3;C2004;UM;f;UM04452;4-OH-PBN;315;4;dead;1;877
UM-HET3;C2004;UM;f;UM04459;4-OH-PBN;315;4;dead;1;983
UM-HET3;C2004;UM;f;UM04466;4-OH-PBN;315;4;removed;0;155
UM-HET3;C2004;UM;f;UM04473;4-OH-PBN;315;4;removed;0;155
UM-HET3;C2004;UM;f;UM04480;4-OH-PBN;315;4;removed;0;155
UM-HET3;C2004;UM;f;UM04487;4-OH-PBN;315;4;removed;0;155
UM-HET3;C2004;UM;m;UM04494;4-OH-PBN;315;4;dead;1;963
UM-HET3;C2004;UM;m;UM04501;4-OH-PBN;315;4;dead;1;804
UM-HET3;C2004;UM;m;UM04508;4-OH-PBN;315;4;dead;1;938
UM-HET3;C2004;UM;m;UM04599;4-OH-PBN;315;4;dead;1;922
UM-HET3;C2004;UM;m;UM04606;4-OH-PBN;315;4;dead;1;496
UM-HET3;C2004;UM;m;UM04613;4-OH-PBN;315;4;dead;1;950
UM-HET3;C2004;UM;m;UM04620;4-OH-PBN;315;4;dead;1;756
UM-HET3;C2004;UM;m;UM04627;4-OH-PBN;315;4;dead;1;893
UM-HET3;C2004;UM;m;UM04634;4-OH-PBN;315;4;dead;1;617
UM-HET3;C2004;UM;f;UM04641;4-OH-PBN;315;4;dead;1;741
UM-HET3;C2004;UM;f;UM04648;4-OH-PBN;315;4;dead;1;943
UM-HET3;C2004;UM;f;UM04655;4-OH-PBN;315;4;dead;1;1123
UM-HET3;C2004;UM;f;UM04662;4-OH-PBN;315;4;dead;1;769
UM-HET3;C2004;UM;m;UM04858;4-OH-PBN;315;4;dead;1;735
UM-HET3;C2004;UM;m;UM04865;4-OH-PBN;315;4;dead;1;1237
UM-HET3;C2004;UM;m;UM04872;4-OH-PBN;315;4;dead;1;864
UM-HET3;C2004;UM;m;UM05005;4-OH-PBN;315;4;dead;1;928
UM-HET3;C2004;UM;m;UM05012;4-OH-PBN;315;4;dead;1;1128
UM-HET3;C2004;UM;m;UM05019;4-OH-PBN;315;4;dead;1;1141
UM-HET3;C2004;UM;f;UM05054;4-OH-PBN;315;4;dead;1;508
UM-HET3;C2004;UM;f;UM05061;4-OH-PBN;315;4;dead;1;953
UM-HET3;C2004;UM;f;UM05068;4-OH-PBN;315;4;dead;1;942
UM-HET3;C2004;UM;f;UM05075;4-OH-PBN;315;4;dead;1;579
UM-HET3;C2004;UT;m;UT00011;4-OH-PBN;315;4;dead;1;927
UM-HET3;C2004;UT;m;UT00012;4-OH-PBN;315;4;dead;1;661
UM-HET3;C2004;UT;m;UT00013;4-OH-PBN;315;4;dead;1;256
UM-HET3;C2004;UT;f;UT00025;4-OH-PBN;315;4;dead;1;907
UM-HET3;C2004;UT;f;UT00026;4-OH-PBN;315;4;dead;1;807
UM-HET3;C2004;UT;f;UT00027;4-OH-PBN;315;4;dead;1;951
UM-HET3;C2004;UT;f;UT00028;4-OH-PBN;315;4;dead;1;970
UM-HET3;C2004;UT;f;UT00101;4-OH-PBN;315;4;dead;1;671
UM-HET3;C2004;UT;f;UT00105;4-OH-PBN;315;4;dead;1;827
UM-HET3;C2004;UT;f;UT00106;4-OH-PBN;315;4;dead;1;886
UM-HET3;C2004;UT;f;UT00107;4-OH-PBN;315;4;dead;1;844
UM-HET3;C2004;UT;f;UT00134;4-OH-PBN;315;4;dead;1;664
UM-HET3;C2004;UT;f;UT00135;4-OH-PBN;315;4;dead;1;900
UM-HET3;C2004;UT;f;UT00137;4-OH-PBN;315;4;dead;1;934
UM-HET3;C2004;UT;f;UT00138;4-OH-PBN;315;4;dead;1;1112
UM-HET3;C2004;UT;m;UT00199;4-OH-PBN;315;4;dead;1;1021
UM-HET3;C2004;UT;m;UT00200;4-OH-PBN;315;4;dead;1;1168
UM-HET3;C2004;UT;m;UT00201;4-OH-PBN;315;4;dead;1;649
UM-HET3;C2004;UT;f;UT00209;4-OH-PBN;315;4;dead;1;513
UM-HET3;C2004;UT;f;UT00210;4-OH-PBN;315;4;dead;1;1038
UM-HET3;C2004;UT;f;UT00211;4-OH-PBN;315;4;dead;1;823
UM-HET3;C2004;UT;f;UT00212;4-OH-PBN;315;4;dead;1;477
UM-HET3;C2004;UT;m;UT00240;4-OH-PBN;315;4;dead;1;1332
UM-HET3;C2004;UT;m;UT00241;4-OH-PBN;315;4;dead;1;915
UM-HET3;C2004;UT;m;UT00242;4-OH-PBN;315;4;dead;1;1028
UM-HET3;C2004;UT;m;UT00269;4-OH-PBN;315;4;dead;1;473
UM-HET3;C2004;UT;m;UT00270;4-OH-PBN;315;4;removed;0;759
UM-HET3;C2004;UT;m;UT00271;4-OH-PBN;315;4;removed;0;759
UM-HET3;C2004;UT;m;UT00298;4-OH-PBN;315;4;dead;1;845
UM-HET3;C2004;UT;m;UT00299;4-OH-PBN;315;4;dead;1;648
UM-HET3;C2004;UT;m;UT00300;4-OH-PBN;315;4;dead;1;813
UM-HET3;C2004;UT;f;UT00308;4-OH-PBN;315;4;dead;1;848
UM-HET3;C2004;UT;f;UT00321;4-OH-PBN;315;4;dead;1;836
UM-HET3;C2004;UT;f;UT00322;4-OH-PBN;315;4;dead;1;725
UM-HET3;C2004;UT;f;UT00323;4-OH-PBN;315;4;dead;1;933
UM-HET3;C2004;UT;f;UT00324;4-OH-PBN;315;4;dead;1;837
UM-HET3;C2004;UT;m;UT00346;4-OH-PBN;315;4;dead;1;996
UM-HET3;C2004;UT;m;UT00347;4-OH-PBN;315;4;dead;1;743
UM-HET3;C2004;UT;m;UT00348;4-OH-PBN;315;4;dead;1;676
UM-HET3;C2004;UT;f;UT00371;4-OH-PBN;315;4;dead;1;143
UM-HET3;C2004;UT;f;UT00372;4-OH-PBN;315;4;dead;1;1076
UM-HET3;C2004;UT;f;UT00373;4-OH-PBN;315;4;dead;1;838
UM-HET3;C2004;UT;f;UT00374;4-OH-PBN;315;4;dead;1;691
UM-HET3;C2004;UT;f;UT00395;4-OH-PBN;315;4;dead;1;757
UM-HET3;C2004;UT;f;UT00396;4-OH-PBN;315;4;dead;1;595
UM-HET3;C2004;UT;f;UT00399;4-OH-PBN;315;4;dead;1;889
UM-HET3;C2004;UT;m;UT00435;4-OH-PBN;315;4;dead;1;313
UM-HET3;C2004;UT;m;UT00436;4-OH-PBN;315;4;removed;0;709
UM-HET3;C2004;UT;m;UT00440;4-OH-PBN;315;4;dead;1;533
UM-HET3;C2004;UT;f;UT00494;4-OH-PBN;315;4;dead;1;1043
UM-HET3;C2004;UT;f;UT00495;4-OH-PBN;315;4;removed;0;572
UM-HET3;C2004;UT;f;UT00496;4-OH-PBN;315;4;dead;1;1077
UM-HET3;C2004;UT;f;UT00497;4-OH-PBN;315;4;dead;1;1111
UM-HET3;C2004;UT;m;UT00498;4-OH-PBN;315;4;dead;1;426
UM-HET3;C2004;UT;m;UT00499;4-OH-PBN;315;4;dead;1;969
UM-HET3;C2004;UT;m;UT00500;4-OH-PBN;315;4;dead;1;968
UM-HET3;C2004;UT;m;UT00572;4-OH-PBN;315;4;dead;1;506
UM-HET3;C2004;UT;m;UT00573;4-OH-PBN;315;4;dead;1;1086
UM-HET3;C2004;UT;m;UT00574;4-OH-PBN;315;4;dead;1;1045
UM-HET3;C2004;UT;m;UT00578;4-OH-PBN;315;4;dead;1;610
UM-HET3;C2004;UT;m;UT00579;4-OH-PBN;315;4;dead;1;346
UM-HET3;C2004;UT;m;UT00580;4-OH-PBN;315;4;removed;0;672
UM-HET3;C2004;UT;f;UT00581;4-OH-PBN;315;4;dead;1;690
UM-HET3;C2004;UT;f;UT00582;4-OH-PBN;315;4;dead;1;796
UM-HET3;C2004;UT;f;UT00583;4-OH-PBN;315;4;dead;1;592
UM-HET3;C2004;UT;f;UT00584;4-OH-PBN;315;4;dead;1;662
UM-HET3;C2004;UT;m;UT00589;4-OH-PBN;315;4;removed;0;247
UM-HET3;C2004;UT;m;UT00590;4-OH-PBN;315;4;removed;0;247
UM-HET3;C2004;UT;m;UT00591;4-OH-PBN;315;4;removed;0;247
UM-HET3;C2004;UT;m;UT00602;4-OH-PBN;315;4;dead;1;340
UM-HET3;C2004;UT;m;UT00603;4-OH-PBN;315;4;dead;1;301
UM-HET3;C2004;UT;m;UT00604;4-OH-PBN;315;4;dead;1;961
UM-HET3;C2004;UT;f;UT00641;4-OH-PBN;315;4;dead;1;775
UM-HET3;C2004;UT;f;UT00642;4-OH-PBN;315;4;dead;1;908
UM-HET3;C2004;UT;f;UT00643;4-OH-PBN;315;4;dead;1;999
UM-HET3;C2004;UT;f;UT00644;4-OH-PBN;315;4;dead;1;820
UM-HET3;C2004;UT;m;UT00645;4-OH-PBN;315;4;dead;1;624
UM-HET3;C2004;UT;m;UT00646;4-OH-PBN;315;4;dead;1;1154
UM-HET3;C2004;UT;m;UT00647;4-OH-PBN;315;4;dead;1;808
UM-HET3;C2004;UT;m;UT00665;4-OH-PBN;315;4;dead;1;666
UM-HET3;C2004;UT;m;UT00666;4-OH-PBN;315;4;dead;1;844
UM-HET3;C2004;UT;m;UT00667;4-OH-PBN;315;4;dead;1;969
UM-HET3;C2004;UT;m;UT00668;4-OH-PBN;315;4;dead;1;682
UM-HET3;C2004;UT;m;UT00669;4-OH-PBN;315;4;dead;1;711
UM-HET3;C2004;UT;m;UT00670;4-OH-PBN;315;4;dead;1;613
UM-HET3;C2004;UT;m;UT00679;4-OH-PBN;315;4;dead;1;922
UM-HET3;C2004;UT;m;UT00680;4-OH-PBN;315;4;dead;1;809
UM-HET3;C2004;UT;m;UT00681;4-OH-PBN;315;4;dead;1;1033
UM-HET3;C2004;UT;f;UT00724;4-OH-PBN;315;4;dead;1;1206
UM-HET3;C2004;UT;f;UT00725;4-OH-PBN;315;4;dead;1;814
UM-HET3;C2004;UT;f;UT00726;4-OH-PBN;315;4;dead;1;1145
UM-HET3;C2004;UT;f;UT00727;4-OH-PBN;315;4;dead;1;867
UM-HET3;C2004;UT;m;UT00741;4-OH-PBN;315;4;removed;0;212
UM-HET3;C2004;UT;f;UT00746;4-OH-PBN;315;4;dead;1;844
UM-HET3;C2004;UT;m;UT00747;4-OH-PBN;315;4;removed;0;203
UM-HET3;C2004;UT;m;UT00748;4-OH-PBN;315;4;removed;0;203
UM-HET3;C2004;UT;f;UT00749;4-OH-PBN;315;4;dead;1;917
UM-HET3;C2004;UT;f;UT00750;4-OH-PBN;315;4;dead;1;1152
UM-HET3;C2004;UT;f;UT00751;4-OH-PBN;315;4;dead;1;905
UM-HET3;C2004;UT;m;UT00769;4-OH-PBN;315;4;dead;1;903
UM-HET3;C2004;UT;m;UT00770;4-OH-PBN;315;4;dead;1;723
UM-HET3;C2004;UT;m;UT00771;4-OH-PBN;315;4;dead;1;616
UM-HET3;C2004;UT;m;UT00775;4-OH-PBN;315;4;dead;1;864
UM-HET3;C2004;UT;m;UT00776;4-OH-PBN;315;4;dead;1;973
UM-HET3;C2004;UT;m;UT00777;4-OH-PBN;315;4;dead;1;974
UM-HET3;C2004;UT;m;UT00785;4-OH-PBN;315;4;dead;1;780
UM-HET3;C2004;UT;m;UT00786;4-OH-PBN;315;4;dead;1;621
UM-HET3;C2004;UT;m;UT00787;4-OH-PBN;315;4;dead;1;833
UM-HET3;C2004;TJL;m;JL00042;Asp;21;4;dead;1;665
UM-HET3;C2004;TJL;m;JL00043;Asp;21;4;dead;1;1008
UM-HET3;C2004;TJL;m;JL00044;Asp;21;4;dead;1;1131
UM-HET3;C2004;TJL;f;JL00071;Asp;21;4;dead;1;625
UM-HET3;C2004;TJL;f;JL00072;Asp;21;4;dead;1;856
UM-HET3;C2004;TJL;f;JL00073;Asp;21;4;dead;1;842
UM-HET3;C2004;TJL;f;JL00074;Asp;21;4;dead;1;752
UM-HET3;C2004;TJL;f;JL00081;Asp;21;4;dead;1;772
UM-HET3;C2004;TJL;f;JL00082;Asp;21;4;dead;1;1107
UM-HET3;C2004;TJL;f;JL00083;Asp;21;4;dead;1;866
UM-HET3;C2004;TJL;f;JL00084;Asp;21;4;dead;1;727
UM-HET3;C2004;TJL;m;JL00099;Asp;21;4;dead;1;897
UM-HET3;C2004;TJL;m;JL00100;Asp;21;4;dead;1;1090
UM-HET3;C2004;TJL;m;JL00101;Asp;21;4;dead;1;936
UM-HET3;C2004;TJL;m;JL00120;Asp;21;4;dead;1;632
UM-HET3;C2004;TJL;m;JL00121;Asp;21;4;dead;1;927
UM-HET3;C2004;TJL;m;JL00122;Asp;21;4;dead;1;696
UM-HET3;C2004;TJL;m;JL00146;Asp;21;4;dead;1;790
UM-HET3;C2004;TJL;m;JL00147;Asp;21;4;dead;1;1168
UM-HET3;C2004;TJL;m;JL00148;Asp;21;4;dead;1;882
UM-HET3;C2004;TJL;m;JL00149;Asp;21;4;dead;1;763
UM-HET3;C2004;TJL;m;JL00150;Asp;21;4;dead;1;839
UM-HET3;C2004;TJL;m;JL00151;Asp;21;4;dead;1;768
UM-HET3;C2004;TJL;f;JL00155;Asp;21;4;dead;1;874
UM-HET3;C2004;TJL;f;JL00156;Asp;21;4;dead;1;854
UM-HET3;C2004;TJL;f;JL00157;Asp;21;4;dead;1;617
UM-HET3;C2004;TJL;f;JL00158;Asp;21;4;dead;1;804
UM-HET3;C2004;TJL;m;JL00162;Asp;21;4;dead;1;1022
UM-HET3;C2004;TJL;m;JL00163;Asp;21;4;dead;1;882
UM-HET3;C2004;TJL;m;JL00164;Asp;21;4;dead;1;1091
UM-HET3;C2004;TJL;f;JL00168;Asp;21;4;dead;1;739
UM-HET3;C2004;TJL;f;JL00169;Asp;21;4;dead;1;577
UM-HET3;C2004;TJL;f;JL00170;Asp;21;4;dead;1;1163
UM-HET3;C2004;TJL;f;JL00171;Asp;21;4;dead;1;1019
UM-HET3;C2004;TJL;m;JL00241;Asp;21;4;dead;1;834
UM-HET3;C2004;TJL;m;JL00242;Asp;21;4;dead;1;657
UM-HET3;C2004;TJL;m;JL00243;Asp;21;4;dead;1;632
UM-HET3;C2004;TJL;m;JL00261;Asp;21;4;dead;1;654
UM-HET3;C2004;TJL;m;JL00262;Asp;21;4;dead;1;415
UM-HET3;C2004;TJL;m;JL00263;Asp;21;4;dead;1;1201
UM-HET3;C2004;TJL;f;JL00314;Asp;21;4;dead;1;844
UM-HET3;C2004;TJL;f;JL00315;Asp;21;4;dead;1;816
UM-HET3;C2004;TJL;f;JL00316;Asp;21;4;dead;1;927
UM-HET3;C2004;TJL;f;JL00317;Asp;21;4;dead;1;762
UM-HET3;C2004;TJL;m;JL00318;Asp;21;4;dead;1;859
UM-HET3;C2004;TJL;m;JL00319;Asp;21;4;dead;1;951
UM-HET3;C2004;TJL;m;JL00320;Asp;21;4;dead;1;788
UM-HET3;C2004;TJL;f;JL00354;Asp;21;4;dead;1;892
UM-HET3;C2004;TJL;f;JL00355;Asp;21;4;dead;1;879
UM-HET3;C2004;TJL;f;JL00356;Asp;21;4;dead;1;767
UM-HET3;C2004;TJL;f;JL00357;Asp;21;4;dead;1;1075
UM-HET3;C2004;TJL;m;JL00365;Asp;21;4;dead;1;852
UM-HET3;C2004;TJL;m;JL00366;Asp;21;4;dead;1;318
UM-HET3;C2004;TJL;m;JL00367;Asp;21;4;dead;1;802
UM-HET3;C2004;TJL;m;JL00368;Asp;21;4;dead;1;708
UM-HET3;C2004;TJL;m;JL00369;Asp;21;4;dead;1;866
UM-HET3;C2004;TJL;m;JL00370;Asp;21;4;dead;1;840
UM-HET3;C2004;TJL;f;JL00374;Asp;21;4;dead;1;910
UM-HET3;C2004;TJL;f;JL00375;Asp;21;4;dead;1;840
UM-HET3;C2004;TJL;f;JL00376;Asp;21;4;dead;1;981
UM-HET3;C2004;TJL;f;JL00377;Asp;21;4;dead;1;777
UM-HET3;C2004;TJL;m;JL00385;Asp;21;4;dead;1;672
UM-HET3;C2004;TJL;m;JL00386;Asp;21;4;dead;1;851
UM-HET3;C2004;TJL;m;JL00387;Asp;21;4;dead;1;251
UM-HET3;C2004;TJL;m;JL00391;Asp;21;4;dead;1;890
UM-HET3;C2004;TJL;m;JL00392;Asp;21;4;dead;1;653
UM-HET3;C2004;TJL;m;JL00393;Asp;21;4;dead;1;855
UM-HET3;C2004;TJL;m;JL00398;Asp;21;4;removed;0;829
UM-HET3;C2004;TJL;m;JL00399;Asp;21;4;removed;0;827
UM-HET3;C2004;TJL;m;JL00400;Asp;21;4;removed;0;827
UM-HET3;C2004;TJL;m;JL00401;Asp;21;4;dead;1;846
UM-HET3;C2004;TJL;m;JL00402;Asp;21;4;dead;1;698
UM-HET3;C2004;TJL;m;JL00403;Asp;21;4;dead;1;571
UM-HET3;C2004;TJL;f;JL00476;Asp;21;4;dead;1;988
UM-HET3;C2004;TJL;f;JL00477;Asp;21;4;dead;1;791
UM-HET3;C2004;TJL;f;JL00478;Asp;21;4;dead;1;1117
UM-HET3;C2004;TJL;f;JL00479;Asp;21;4;dead;1;791
UM-HET3;C2004;TJL;f;JL00480;Asp;21;4;dead;1;841
UM-HET3;C2004;TJL;f;JL00481;Asp;21;4;dead;1;687
UM-HET3;C2004;TJL;f;JL00482;Asp;21;4;dead;1;867
UM-HET3;C2004;TJL;f;JL00483;Asp;21;4;dead;1;1111
UM-HET3;C2004;TJL;m;JL00484;Asp;21;4;dead;1;922
UM-HET3;C2004;TJL;m;JL00485;Asp;21;4;dead;1;940
UM-HET3;C2004;TJL;m;JL00486;Asp;21;4;dead;1;908
UM-HET3;C2004;TJL;f;JL00490;Asp;21;4;dead;1;798
UM-HET3;C2004;TJL;f;JL00491;Asp;21;4;dead;1;687
UM-HET3;C2004;TJL;f;JL00492;Asp;21;4;dead;1;883
UM-HET3;C2004;TJL;f;JL00493;Asp;21;4;dead;1;953
UM-HET3;C2004;TJL;m;JL00498;Asp;21;4;dead;1;858
UM-HET3;C2004;TJL;m;JL00499;Asp;21;4;dead;1;1185
UM-HET3;C2004;TJL;m;JL00500;Asp;21;4;dead;1;88
UM-HET3;C2004;TJL;f;JL00534;Asp;21;4;dead;1;890
UM-HET3;C2004;TJL;f;JL00535;Asp;21;4;dead;1;828
UM-HET3;C2004;TJL;f;JL00536;Asp;21;4;dead;1;1093
UM-HET3;C2004;TJL;f;JL00537;Asp;21;4;dead;1;1022
UM-HET3;C2004;TJL;m;JL00628;Asp;21;4;dead;1;295
UM-HET3;C2004;TJL;m;JL00629;Asp;21;4;dead;1;280
UM-HET3;C2004;TJL;m;JL00630;Asp;21;4;dead;1;211
UM-HET3;C2004;TJL;f;JL00672;Asp;21;4;dead;1;786
UM-HET3;C2004;TJL;f;JL00673;Asp;21;4;dead;1;729
UM-HET3;C2004;TJL;f;JL00674;Asp;21;4;dead;1;386
UM-HET3;C2004;TJL;f;JL00675;Asp;21;4;dead;1;1017
UM-HET3;C2004;TJL;m;JL00727;Asp;21;4;dead;1;992
UM-HET3;C2004;TJL;m;JL00728;Asp;21;4;dead;1;820
UM-HET3;C2004;TJL;m;JL00729;Asp;21;4;dead;1;671
UM-HET3;C2004;TJL;m;JL00853;Asp;21;4;dead;1;861
UM-HET3;C2004;TJL;m;JL00854;Asp;21;4;dead;1;952
UM-HET3;C2004;TJL;m;JL00855;Asp;21;4;dead;1;755
UM-HET3;C2004;UM;f;UM00273;Asp;21;4;dead;1;742
UM-HET3;C2004;UM;f;UM00280;Asp;21;4;dead;1;889
UM-HET3;C2004;UM;f;UM00287;Asp;21;4;dead;1;777
UM-HET3;C2004;UM;f;UM00294;Asp;21;4;dead;1;734
UM-HET3;C2004;UM;m;UM00322;Asp;21;4;dead;1;926
UM-HET3;C2004;UM;m;UM00329;Asp;21;4;dead;1;650
UM-HET3;C2004;UM;m;UM00336;Asp;21;4;dead;1;724
UM-HET3;C2004;UM;m;UM00385;Asp;21;4;dead;1;1036
UM-HET3;C2004;UM;m;UM00392;Asp;21;4;dead;1;905
UM-HET3;C2004;UM;m;UM00399;Asp;21;4;dead;1;1029
UM-HET3;C2004;UM;f;UM00595;Asp;21;4;dead;1;830
UM-HET3;C2004;UM;f;UM00602;Asp;21;4;dead;1;915
UM-HET3;C2004;UM;f;UM00609;Asp;21;4;dead;1;1013
UM-HET3;C2004;UM;f;UM00616;Asp;21;4;dead;1;1089
UM-HET3;C2004;UM;m;UM01001;Asp;21;4;dead;1;1032
UM-HET3;C2004;UM;m;UM01008;Asp;21;4;dead;1;889
UM-HET3;C2004;UM;m;UM01015;Asp;21;4;dead;1;1009
UM-HET3;C2004;UM;m;UM01022;Asp;21;4;dead;1;882
UM-HET3;C2004;UM;m;UM01029;Asp;21;4;dead;1;1177
UM-HET3;C2004;UM;m;UM01036;Asp;21;4;dead;1;584
UM-HET3;C2004;UM;f;UM01421;Asp;21;4;dead;1;931
UM-HET3;C2004;UM;f;UM01428;Asp;21;4;dead;1;843
UM-HET3;C2004;UM;f;UM01435;Asp;21;4;dead;1;868
UM-HET3;C2004;UM;f;UM01442;Asp;21;4;dead;1;940
UM-HET3;C2004;UM;m;UM01449;Asp;21;4;dead;1;1137
UM-HET3;C2004;UM;m;UM01456;Asp;21;4;dead;1;921
UM-HET3;C2004;UM;m;UM01463;Asp;21;4;dead;1;540
UM-HET3;C2004;UM;m;UM01708;Asp;21;4;dead;1;859
UM-HET3;C2004;UM;m;UM01715;Asp;21;4;dead;1;418
UM-HET3;C2004;UM;m;UM01722;Asp;21;4;dead;1;997
UM-HET3;C2004;UM;f;UM01750;Asp;21;4;dead;1;764
UM-HET3;C2004;UM;f;UM01757;Asp;21;4;dead;1;863
UM-HET3;C2004;UM;f;UM01764;Asp;21;4;dead;1;809
UM-HET3;C2004;UM;f;UM01771;Asp;21;4;dead;1;662
UM-HET3;C2004;UM;m;UM02345;Asp;21;4;dead;1;1118
UM-HET3;C2004;UM;m;UM02352;Asp;21;4;dead;1;588
UM-HET3;C2004;UM;m;UM02359;Asp;21;4;dead;1;834
UM-HET3;C2004;UM;m;UM02387;Asp;21;4;removed;0;729
UM-HET3;C2004;UM;m;UM02394;Asp;21;4;removed;0;729
UM-HET3;C2004;UM;m;UM02401;Asp;21;4;removed;0;729
UM-HET3;C2004;UM;m;UM02408;Asp;21;4;dead;1;837
UM-HET3;C2004;UM;m;UM02415;Asp;21;4;dead;1;991
UM-HET3;C2004;UM;m;UM02422;Asp;21;4;dead;1;845
UM-HET3;C2004;UM;m;UM02527;Asp;21;4;dead;1;1096
UM-HET3;C2004;UM;m;UM02534;Asp;21;4;dead;1;700
UM-HET3;C2004;UM;m;UM02541;Asp;21;4;dead;1;281
UM-HET3;C2004;UM;f;UM02940;Asp;21;4;dead;1;838
UM-HET3;C2004;UM;f;UM02947;Asp;21;4;dead;1;835
UM-HET3;C2004;UM;f;UM02954;Asp;21;4;dead;1;622
UM-HET3;C2004;UM;f;UM02961;Asp;21;4;dead;1;811
UM-HET3;C2004;UM;m;UM02996;Asp;21;4;dead;1;998
UM-HET3;C2004;UM;m;UM03003;Asp;21;4;dead;1;961
UM-HET3;C2004;UM;m;UM03010;Asp;21;4;dead;1;401
UM-HET3;C2004;UM;m;UM03164;Asp;21;4;dead;1;661
UM-HET3;C2004;UM;m;UM03171;Asp;21;4;dead;1;889
UM-HET3;C2004;UM;m;UM03178;Asp;21;4;dead;1;1154
UM-HET3;C2004;UM;f;UM03311;Asp;21;4;dead;1;835
UM-HET3;C2004;UM;f;UM03318;Asp;21;4;dead;1;917
UM-HET3;C2004;UM;f;UM03325;Asp;21;4;dead;1;849
UM-HET3;C2004;UM;f;UM03332;Asp;21;4;dead;1;927
UM-HET3;C2004;UM;m;UM03339;Asp;21;4;dead;1;846
UM-HET3;C2004;UM;m;UM03346;Asp;21;4;dead;1;777
UM-HET3;C2004;UM;m;UM03353;Asp;21;4;dead;1;942
UM-HET3;C2004;UM;m;UM03388;Asp;21;4;dead;1;1103
UM-HET3;C2004;UM;m;UM03395;Asp;21;4;dead;1;834
UM-HET3;C2004;UM;m;UM03402;Asp;21;4;dead;1;910
UM-HET3;C2004;UM;f;UM03689;Asp;21;4;dead;1;826
UM-HET3;C2004;UM;f;UM03696;Asp;21;4;dead;1;82
UM-HET3;C2004;UM;f;UM03703;Asp;21;4;dead;1;1133
UM-HET3;C2004;UM;f;UM03710;Asp;21;4;dead;1;889
UM-HET3;C2004;UM;m;UM03717;Asp;21;4;dead;1;818
UM-HET3;C2004;UM;m;UM03724;Asp;21;4;dead;1;1049
UM-HET3;C2004;UM;m;UM03731;Asp;21;4;dead;1;1202
UM-HET3;C2004;UM;f;UM03836;Asp;21;4;dead;1;1011
UM-HET3;C2004;UM;f;UM03843;Asp;21;4;dead;1;746
UM-HET3;C2004;UM;f;UM03850;Asp;21;4;dead;1;966
UM-HET3;C2004;UM;f;UM03857;Asp;21;4;dead;1;1175
UM-HET3;C2004;UM;m;UM03934;Asp;21;4;dead;1;825
UM-HET3;C2004;UM;m;UM03941;Asp;21;4;dead;1;895
UM-HET3;C2004;UM;m;UM03948;Asp;21;4;dead;1;819
UM-HET3;C2004;UM;m;UM03997;Asp;21;4;dead;1;1034
UM-HET3;C2004;UM;m;UM04004;Asp;21;4;dead;1;720
UM-HET3;C2004;UM;m;UM04011;Asp;21;4;dead;1;912
UM-HET3;C2004;UM;f;UM04228;Asp;21;4;dead;1;678
UM-HET3;C2004;UM;f;UM04235;Asp;21;4;dead;1;628
UM-HET3;C2004;UM;f;UM04242;Asp;21;4;dead;1;753
UM-HET3;C2004;UM;f;UM04249;Asp;21;4;dead;1;969
UM-HET3;C2004;UM;f;UM04361;Asp;21;4;dead;1;1073
UM-HET3;C2004;UM;f;UM04368;Asp;21;4;dead;1;1021
UM-HET3;C2004;UM;f;UM04375;Asp;21;4;dead;1;757
UM-HET3;C2004;UM;f;UM04382;Asp;21;4;dead;1;707
UM-HET3;C2004;UM;m;UM04417;Asp;21;4;dead;1;795
UM-HET3;C2004;UM;m;UM04424;Asp;21;4;dead;1;588
UM-HET3;C2004;UM;m;UM04431;Asp;21;4;dead;1;863
UM-HET3;C2004;UM;m;UM04536;Asp;21;4;dead;1;1256
UM-HET3;C2004;UM;m;UM04543;Asp;21;4;dead;1;611
UM-HET3;C2004;UM;m;UM04550;Asp;21;4;dead;1;913
UM-HET3;C2004;UM;f;UM04879;Asp;21;4;removed;0;559
UM-HET3;C2004;UM;f;UM04886;Asp;21;4;removed;0;559
UM-HET3;C2004;UM;f;UM04893;Asp;21;4;removed;0;559
UM-HET3;C2004;UM;f;UM04900;Asp;21;4;removed;0;560
UM-HET3;C2004;UM;f;UM04977;Asp;21;4;dead;1;299
UM-HET3;C2004;UM;f;UM04984;Asp;21;4;dead;1;510
UM-HET3;C2004;UM;f;UM04991;Asp;21;4;dead;1;734
UM-HET3;C2004;UM;f;UM04998;Asp;21;4;dead;1;1023
UM-HET3;C2004;UM;m;UM05159;Asp;21;4;dead;1;879
UM-HET3;C2004;UM;m;UM05166;Asp;21;4;dead;1;891
UM-HET3;C2004;UM;m;UM05173;Asp;21;4;dead;1;422
UM-HET3;C2004;UT;f;UT00042;Asp;21;4;dead;1;694
UM-HET3;C2004;UT;f;UT00043;Asp;21;4;dead;1;849
UM-HET3;C2004;UT;f;UT00044;Asp;21;4;dead;1;569
UM-HET3;C2004;UT;f;UT00045;Asp;21;4;dead;1;817
UM-HET3;C2004;UT;m;UT00055;Asp;21;4;dead;1;758
UM-HET3;C2004;UT;m;UT00056;Asp;21;4;dead;1;609
UM-HET3;C2004;UT;m;UT00065;Asp;21;4;dead;1;804
UM-HET3;C2004;UT;f;UT00111;Asp;21;4;dead;1;683
UM-HET3;C2004;UT;f;UT00112;Asp;21;4;dead;1;1178
UM-HET3;C2004;UT;f;UT00113;Asp;21;4;dead;1;898
UM-HET3;C2004;UT;f;UT00114;Asp;21;4;dead;1;878
UM-HET3;C2004;UT;f;UT00115;Asp;21;4;dead;1;986
UM-HET3;C2004;UT;f;UT00116;Asp;21;4;dead;1;876
UM-HET3;C2004;UT;f;UT00117;Asp;21;4;dead;1;787
UM-HET3;C2004;UT;f;UT00118;Asp;21;4;dead;1;861
UM-HET3;C2004;UT;m;UT00125;Asp;21;4;removed;0;43
UM-HET3;C2004;UT;m;UT00126;Asp;21;4;dead;1;950
UM-HET3;C2004;UT;m;UT00127;Asp;21;4;dead;1;950
UM-HET3;C2004;UT;m;UT00216;Asp;21;4;dead;1;713
UM-HET3;C2004;UT;m;UT00217;Asp;21;4;dead;1;1098
UM-HET3;C2004;UT;m;UT00218;Asp;21;4;dead;1;890
UM-HET3;C2004;UT;f;UT00261;Asp;21;4;dead;1;983
UM-HET3;C2004;UT;f;UT00262;Asp;21;4;dead;1;941
UM-HET3;C2004;UT;f;UT00264;Asp;21;4;dead;1;787
UM-HET3;C2004;UT;f;UT00265;Asp;21;4;dead;1;1011
UM-HET3;C2004;UT;f;UT00280;Asp;21;4;dead;1;850
UM-HET3;C2004;UT;f;UT00281;Asp;21;4;dead;1;1018
UM-HET3;C2004;UT;f;UT00282;Asp;21;4;dead;1;600
UM-HET3;C2004;UT;f;UT00283;Asp;21;4;dead;1;1072
UM-HET3;C2004;UT;m;UT00295;Asp;21;4;removed;0;733
UM-HET3;C2004;UT;m;UT00296;Asp;21;4;removed;0;733
UM-HET3;C2004;UT;m;UT00297;Asp;21;4;dead;1;634
UM-HET3;C2004;UT;f;UT00335;Asp;21;4;dead;1;925
UM-HET3;C2004;UT;f;UT00336;Asp;21;4;dead;1;864
UM-HET3;C2004;UT;f;UT00337;Asp;21;4;dead;1;735
UM-HET3;C2004;UT;f;UT00338;Asp;21;4;dead;1;1100
UM-HET3;C2004;UT;m;UT00378;Asp;21;4;removed;0;738
UM-HET3;C2004;UT;m;UT00379;Asp;21;4;removed;0;738
UM-HET3;C2004;UT;m;UT00380;Asp;21;4;removed;0;737
UM-HET3;C2004;UT;f;UT00402;Asp;21;4;dead;1;950
UM-HET3;C2004;UT;f;UT00403;Asp;21;4;dead;1;775
UM-HET3;C2004;UT;f;UT00404;Asp;21;4;dead;1;731
UM-HET3;C2004;UT;f;UT00405;Asp;21;4;dead;1;1143
UM-HET3;C2004;UT;m;UT00487;Asp;21;4;dead;1;586
UM-HET3;C2004;UT;m;UT00488;Asp;21;4;dead;1;791
UM-HET3;C2004;UT;m;UT00489;Asp;21;4;dead;1;924
UM-HET3;C2004;UT;f;UT00520;Asp;21;4;dead;1;1078
UM-HET3;C2004;UT;f;UT00521;Asp;21;4;dead;1;896
UM-HET3;C2004;UT;f;UT00522;Asp;21;4;dead;1;851
UM-HET3;C2004;UT;f;UT00523;Asp;21;4;dead;1;784
UM-HET3;C2004;UT;f;UT00527;Asp;21;4;dead;1;417
UM-HET3;C2004;UT;f;UT00528;Asp;21;4;dead;1;644
UM-HET3;C2004;UT;f;UT00529;Asp;21;4;dead;1;734
UM-HET3;C2004;UT;f;UT00530;Asp;21;4;dead;1;872
UM-HET3;C2004;UT;m;UT00555;Asp;21;4;dead;1;134
UM-HET3;C2004;UT;m;UT00556;Asp;21;4;dead;1;662
UM-HET3;C2004;UT;m;UT00557;Asp;21;4;dead;1;679
UM-HET3;C2004;UT;f;UT00565;Asp;21;4;dead;1;920
UM-HET3;C2004;UT;f;UT00566;Asp;21;4;dead;1;822
UM-HET3;C2004;UT;f;UT00567;Asp;21;4;dead;1;724
UM-HET3;C2004;UT;f;UT00568;Asp;21;4;dead;1;929
UM-HET3;C2004;UT;m;UT00575;Asp;21;4;dead;1;292
UM-HET3;C2004;UT;m;UT00576;Asp;21;4;dead;1;683
UM-HET3;C2004;UT;m;UT00577;Asp;21;4;dead;1;564
UM-HET3;C2004;UT;f;UT00593;Asp;21;4;dead;1;1009
UM-HET3;C2004;UT;f;UT00594;Asp;21;4;dead;1;959
UM-HET3;C2004;UT;f;UT00597;Asp;21;4;dead;1;626
UM-HET3;C2004;UT;f;UT00598;Asp;21;4;dead;1;893
UM-HET3;C2004;UT;m;UT00612;Asp;21;4;dead;1;1068
UM-HET3;C2004;UT;m;UT00613;Asp;21;4;dead;1;890
UM-HET3;C2004;UT;m;UT00614;Asp;21;4;dead;1;755
UM-HET3;C2004;UT;f;UT00637;Asp;21;4;dead;1;990
UM-HET3;C2004;UT;f;UT00638;Asp;21;4;dead;1;1160
UM-HET3;C2004;UT;f;UT00639;Asp;21;4;dead;1;897
UM-HET3;C2004;UT;f;UT00640;Asp;21;4;dead;1;831
UM-HET3;C2004;UT;m;UT00658;Asp;21;4;dead;1;917
UM-HET3;C2004;UT;m;UT00659;Asp;21;4;dead;1;373
UM-HET3;C2004;UT;m;UT00660;Asp;21;4;dead;1;755
UM-HET3;C2004;UT;m;UT00706;Asp;21;4;dead;1;378
UM-HET3;C2004;UT;m;UT00707;Asp;21;4;dead;1;326
UM-HET3;C2004;UT;m;UT00708;Asp;21;4;dead;1;810
UM-HET3;C2004;UT;m;UT00731;Asp;21;4;dead;1;950
UM-HET3;C2004;UT;m;UT00732;Asp;21;4;dead;1;765
UM-HET3;C2004;UT;m;UT00733;Asp;21;4;dead;1;649
UM-HET3;C2004;UT;m;UT00797;Asp;21;4;dead;1;980
UM-HET3;C2004;UT;m;UT00798;Asp;21;4;dead;1;1063
UM-HET3;C2004;UT;m;UT00799;Asp;21;4;dead;1;918
UM-HET3;C2004;UT;m;UT00839;Asp;21;4;dead;1;1047
UM-HET3;C2004;UT;m;UT00840;Asp;21;4;dead;1;732
UM-HET3;C2004;UT;m;UT00841;Asp;21;4;dead;1;481
UM-HET3;C2004;UT;m;UT00857;Asp;21;4;dead;1;1153
UM-HET3;C2004;UT;m;UT00858;Asp;21;4;dead;1;1200
UM-HET3;C2004;UT;m;UT00859;Asp;21;4;dead;1;972
UM-HET3;C2004;UT;m;UT00860;Asp;21;4;dead;1;92
UM-HET3;C2004;UT;m;UT00861;Asp;21;4;dead;1;757
UM-HET3;C2004;UT;m;UT00862;Asp;21;4;dead;1;973
UM-HET3;C2004;UT;m;UT00863;Asp;21;4;dead;1;621
UM-HET3;C2004;UT;m;UT00864;Asp;21;4;dead;1;1086
UM-HET3;C2004;UT;m;UT00865;Asp;21;4;dead;1;710
UM-HET3;C2004;UT;m;UT00866;Asp;21;4;dead;1;903
UM-HET3;C2004;UT;m;UT00867;Asp;21;4;dead;1;888
UM-HET3;C2004;UT;m;UT00868;Asp;21;4;dead;1;685
UM-HET3;C2004;UT;m;UT00869;Asp;21;4;dead;1;920
UM-HET3;C2004;UT;m;UT00870;Asp;21;4;dead;1;776
UM-HET3;C2004;UT;m;UT00871;Asp;21;4;dead;1;691
UM-HET3;C2004;UT;m;UT00872;Asp;21;4;dead;1;449
UM-HET3;C2004;UT;m;UT00873;Asp;21;4;dead;1;1108
UM-HET3;C2004;UT;m;UT00874;Asp;21;4;dead;1;931
UM-HET3;C2004;TJL;m;JL00032;Control;0;;dead;1;916
UM-HET3;C2004;TJL;m;JL00033;Control;0;;dead;1;1099
UM-HET3;C2004;TJL;m;JL00034;Control;0;;dead;1;666
UM-HET3;C2004;TJL;m;JL00045;Control;0;;dead;1;957
UM-HET3;C2004;TJL;m;JL00046;Control;0;;dead;1;553
UM-HET3;C2004;TJL;m;JL00057;Control;0;;dead;1;1112
UM-HET3;C2004;TJL;m;JL00058;Control;0;;dead;1;686
UM-HET3;C2004;TJL;m;JL00059;Control;0;;dead;1;924
UM-HET3;C2004;TJL;m;JL00060;Control;0;;dead;1;292
UM-HET3;C2004;TJL;f;JL00061;Control;0;;dead;1;800
UM-HET3;C2004;TJL;f;JL00062;Control;0;;dead;1;800
UM-HET3;C2004;TJL;f;JL00063;Control;0;;dead;1;1000
UM-HET3;C2004;TJL;f;JL00064;Control;0;;dead;1;700
UM-HET3;C2004;TJL;f;JL00116;Control;0;;dead;1;738
UM-HET3;C2004;TJL;f;JL00117;Control;0;;dead;1;807
UM-HET3;C2004;TJL;f;JL00118;Control;0;;dead;1;1012
UM-HET3;C2004;TJL;f;JL00119;Control;0;;dead;1;919
UM-HET3;C2004;TJL;m;JL00123;Control;0;;dead;1;454
UM-HET3;C2004;TJL;m;JL00124;Control;0;;dead;1;847
UM-HET3;C2004;TJL;m;JL00125;Control;0;;dead;1;974
UM-HET3;C2004;TJL;m;JL00126;Control;0;;dead;1;875
UM-HET3;C2004;TJL;m;JL00127;Control;0;;dead;1;736
UM-HET3;C2004;TJL;m;JL00128;Control;0;;dead;1;757
UM-HET3;C2004;TJL;m;JL00133;Control;0;;dead;1;868
UM-HET3;C2004;TJL;m;JL00134;Control;0;;dead;1;847
UM-HET3;C2004;TJL;m;JL00135;Control;0;;dead;1;1106
UM-HET3;C2004;TJL;m;JL00165;Control;0;;dead;1;620
UM-HET3;C2004;TJL;m;JL00166;Control;0;;dead;1;564
UM-HET3;C2004;TJL;m;JL00167;Control;0;;dead;1;929
UM-HET3;C2004;TJL;f;JL00175;Control;0;;dead;1;541
UM-HET3;C2004;TJL;f;JL00176;Control;0;;dead;1;683
UM-HET3;C2004;TJL;f;JL00177;Control;0;;dead;1;969
UM-HET3;C2004;TJL;f;JL00178;Control;0;;dead;1;714
UM-HET3;C2004;TJL;f;JL00223;Control;0;;dead;1;962
UM-HET3;C2004;TJL;f;JL00224;Control;0;;dead;1;738
UM-HET3;C2004;TJL;f;JL00225;Control;0;;dead;1;962
UM-HET3;C2004;TJL;f;JL00226;Control;0;;dead;1;1103
UM-HET3;C2004;TJL;m;JL00234;Control;0;;dead;1;903
UM-HET3;C2004;TJL;m;JL00235;Control;0;;dead;1;961
UM-HET3;C2004;TJL;m;JL00236;Control;0;;dead;1;961
UM-HET3;C2004;TJL;f;JL00244;Control;0;;removed;0;917
UM-HET3;C2004;TJL;f;JL00245;Control;0;;removed;0;917
UM-HET3;C2004;TJL;f;JL00246;Control;0;;dead;1;238
UM-HET3;C2004;TJL;f;JL00247;Control;0;;removed;0;917
UM-HET3;C2004;TJL;f;JL00251;Control;0;;dead;1;821
UM-HET3;C2004;TJL;f;JL00252;Control;0;;dead;1;578
UM-HET3;C2004;TJL;f;JL00253;Control;0;;dead;1;896
UM-HET3;C2004;TJL;f;JL00254;Control;0;;dead;1;1212
UM-HET3;C2004;TJL;m;JL00275;Control;0;;dead;1;884
UM-HET3;C2004;TJL;m;JL00276;Control;0;;dead;1;371
UM-HET3;C2004;TJL;m;JL00277;Control;0;;dead;1;273
UM-HET3;C2004;TJL;m;JL00304;Control;0;;dead;1;763
UM-HET3;C2004;TJL;m;JL00305;Control;0;;dead;1;540
UM-HET3;C2004;TJL;m;JL00306;Control;0;;dead;1;433
UM-HET3;C2004;TJL;f;JL00328;Control;0;;dead;1;895
UM-HET3;C2004;TJL;f;JL00329;Control;0;;dead;1;798
UM-HET3;C2004;TJL;f;JL00330;Control;0;;dead;1;1063
UM-HET3;C2004;TJL;f;JL00331;Control;0;;dead;1;699
UM-HET3;C2004;TJL;m;JL00332;Control;0;;dead;1;489
UM-HET3;C2004;TJL;m;JL00333;Control;0;;dead;1;685
UM-HET3;C2004;TJL;m;JL00334;Control;0;;dead;1;417
UM-HET3;C2004;TJL;m;JL00339;Control;0;;dead;1;1031
UM-HET3;C2004;TJL;m;JL00340;Control;0;;dead;1;844
UM-HET3;C2004;TJL;m;JL00341;Control;0;;dead;1;612
UM-HET3;C2004;TJL;m;JL00342;Control;0;;dead;1;593
UM-HET3;C2004;TJL;m;JL00343;Control;0;;dead;1;324
UM-HET3;C2004;TJL;m;JL00344;Control;0;;dead;1;437
UM-HET3;C2004;TJL;m;JL00358;Control;0;;dead;1;876
UM-HET3;C2004;TJL;m;JL00359;Control;0;;dead;1;791
UM-HET3;C2004;TJL;m;JL00360;Control;0;;dead;1;763
UM-HET3;C2004;TJL;m;JL00388;Control;0;;dead;1;467
UM-HET3;C2004;TJL;m;JL00389;Control;0;;dead;1;776
UM-HET3;C2004;TJL;m;JL00390;Control;0;;dead;1;1040
UM-HET3;C2004;TJL;f;JL00394;Control;0;;dead;1;747
UM-HET3;C2004;TJL;f;JL00395;Control;0;;dead;1;970
UM-HET3;C2004;TJL;f;JL00396;Control;0;;dead;1;815
UM-HET3;C2004;TJL;f;JL00397;Control;0;;dead;1;858
UM-HET3;C2004;TJL;f;JL00414;Control;0;;dead;1;1097
UM-HET3;C2004;TJL;f;JL00415;Control;0;;dead;1;974
UM-HET3;C2004;TJL;f;JL00416;Control;0;;dead;1;994
UM-HET3;C2004;TJL;f;JL00417;Control;0;;dead;1;512
UM-HET3;C2004;TJL;f;JL00444;Control;0;;dead;1;962
UM-HET3;C2004;TJL;f;JL00445;Control;0;;dead;1;999
UM-HET3;C2004;TJL;f;JL00446;Control;0;;dead;1;843
UM-HET3;C2004;TJL;f;JL00447;Control;0;;dead;1;843
UM-HET3;C2004;TJL;m;JL00456;Control;0;;dead;1;625
UM-HET3;C2004;TJL;m;JL00457;Control;0;;dead;1;940
UM-HET3;C2004;TJL;m;JL00458;Control;0;;dead;1;757
UM-HET3;C2004;TJL;f;JL00468;Control;0;;dead;1;737
UM-HET3;C2004;TJL;f;JL00469;Control;0;;dead;1;709
UM-HET3;C2004;TJL;f;JL00470;Control;0;;dead;1;940
UM-HET3;C2004;TJL;f;JL00471;Control;0;;dead;1;794
UM-HET3;C2004;TJL;m;JL00501;Control;0;;dead;1;88
UM-HET3;C2004;TJL;m;JL00502;Control;0;;dead;1;522
UM-HET3;C2004;TJL;m;JL00503;Control;0;;dead;1;554
UM-HET3;C2004;TJL;f;JL00504;Control;0;;dead;1;910
UM-HET3;C2004;TJL;f;JL00505;Control;0;;dead;1;787
UM-HET3;C2004;TJL;f;JL00506;Control;0;;dead;1;935
UM-HET3;C2004;TJL;f;JL00507;Control;0;;dead;1;935
UM-HET3;C2004;TJL;f;JL00546;Control;0;;dead;1;961
UM-HET3;C2004;TJL;f;JL00547;Control;0;;dead;1;941
UM-HET3;C2004;TJL;f;JL00548;Control;0;;dead;1;879
UM-HET3;C2004;TJL;f;JL00549;Control;0;;dead;1;696
UM-HET3;C2004;TJL;m;JL00554;Control;0;;dead;1;366
UM-HET3;C2004;TJL;m;JL00555;Control;0;;dead;1;816
UM-HET3;C2004;TJL;m;JL00556;Control;0;;dead;1;299
UM-HET3;C2004;TJL;m;JL00560;Control;0;;dead;1;967
UM-HET3;C2004;TJL;m;JL00561;Control;0;;dead;1;499
UM-HET3;C2004;TJL;m;JL00562;Control;0;;dead;1;875
UM-HET3;C2004;TJL;m;JL00566;Control;0;;dead;1;806
UM-HET3;C2004;TJL;m;JL00567;Control;0;;dead;1;582
UM-HET3;C2004;TJL;m;JL00568;Control;0;;dead;1;714
UM-HET3;C2004;TJL;m;JL00569;Control;0;;dead;1;365
UM-HET3;C2004;TJL;m;JL00570;Control;0;;dead;1;714
UM-HET3;C2004;TJL;m;JL00571;Control;0;;dead;1;813
UM-HET3;C2004;TJL;m;JL00572;Control;0;;dead;1;831
UM-HET3;C2004;TJL;m;JL00573;Control;0;;dead;1;831
UM-HET3;C2004;TJL;m;JL00574;Control;0;;dead;1;665
UM-HET3;C2004;TJL;m;JL00587;Control;0;;dead;1;1108
UM-HET3;C2004;TJL;m;JL00588;Control;0;;dead;1;784
UM-HET3;C2004;TJL;m;JL00589;Control;0;;dead;1;498
UM-HET3;C2004;TJL;m;JL00605;Control;0;;dead;1;915
UM-HET3;C2004;TJL;m;JL00606;Control;0;;dead;1;703
UM-HET3;C2004;TJL;m;JL00607;Control;0;;dead;1;841
UM-HET3;C2004;TJL;f;JL00620;Control;0;;dead;1;741
UM-HET3;C2004;TJL;f;JL00621;Control;0;;dead;1;1050
UM-HET3;C2004;TJL;f;JL00622;Control;0;;dead;1;786
UM-HET3;C2004;TJL;f;JL00623;Control;0;;dead;1;904
UM-HET3;C2004;TJL;f;JL00624;Control;0;;dead;1;719
UM-HET3;C2004;TJL;f;JL00625;Control;0;;dead;1;937
UM-HET3;C2004;TJL;f;JL00626;Control;0;;dead;1;775
UM-HET3;C2004;TJL;f;JL00627;Control;0;;dead;1;747
UM-HET3;C2004;TJL;m;JL00640;Control;0;;dead;1;854
UM-HET3;C2004;TJL;m;JL00641;Control;0;;dead;1;854
UM-HET3;C2004;TJL;m;JL00642;Control;0;;dead;1;818
UM-HET3;C2004;TJL;m;JL00643;Control;0;;dead;1;860
UM-HET3;C2004;TJL;m;JL00644;Control;0;;dead;1;391
UM-HET3;C2004;TJL;m;JL00645;Control;0;;dead;1;791
UM-HET3;C2004;TJL;m;JL00654;Control;0;;dead;1;516
UM-HET3;C2004;TJL;m;JL00655;Control;0;;dead;1;750
UM-HET3;C2004;TJL;m;JL00656;Control;0;;dead;1;750
UM-HET3;C2004;TJL;m;JL00657;Control;0;;dead;1;822
UM-HET3;C2004;TJL;m;JL00658;Control;0;;dead;1;781
UM-HET3;C2004;TJL;m;JL00659;Control;0;;dead;1;838
UM-HET3;C2004;TJL;m;JL00666;Control;0;;dead;1;344
UM-HET3;C2004;TJL;m;JL00667;Control;0;;dead;1;478
UM-HET3;C2004;TJL;m;JL00668;Control;0;;dead;1;486
UM-HET3;C2004;TJL;m;JL00688;Control;0;;dead;1;819
UM-HET3;C2004;TJL;m;JL00689;Control;0;;dead;1;953
UM-HET3;C2004;TJL;m;JL00690;Control;0;;dead;1;876
UM-HET3;C2004;TJL;m;JL00694;Control;0;;dead;1;463
UM-HET3;C2004;TJL;m;JL00695;Control;0;;dead;1;581
UM-HET3;C2004;TJL;m;JL00696;Control;0;;dead;1;1071
UM-HET3;C2004;TJL;m;JL00697;Control;0;;dead;1;830
UM-HET3;C2004;TJL;m;JL00698;Control;0;;dead;1;1054
UM-HET3;C2004;TJL;m;JL00699;Control;0;;dead;1;830
UM-HET3;C2004;TJL;f;JL00706;Control;0;;dead;1;562
UM-HET3;C2004;TJL;f;JL00707;Control;0;;dead;1;715
UM-HET3;C2004;TJL;f;JL00708;Control;0;;dead;1;1042
UM-HET3;C2004;TJL;f;JL00709;Control;0;;dead;1;484
UM-HET3;C2004;TJL;f;JL00710;Control;0;;dead;1;625
UM-HET3;C2004;TJL;f;JL00711;Control;0;;dead;1;863
UM-HET3;C2004;TJL;f;JL00712;Control;0;;dead;1;680
UM-HET3;C2004;TJL;f;JL00713;Control;0;;dead;1;899
UM-HET3;C2004;TJL;m;JL00718;Control;0;;dead;1;729
UM-HET3;C2004;TJL;m;JL00719;Control;0;;dead;1;757
UM-HET3;C2004;TJL;m;JL00720;Control;0;;dead;1;408
UM-HET3;C2004;TJL;m;JL00721;Control;0;;dead;1;493
UM-HET3;C2004;TJL;m;JL00722;Control;0;;dead;1;611
UM-HET3;C2004;TJL;m;JL00723;Control;0;;dead;1;583
UM-HET3;C2004;TJL;m;JL00736;Control;0;;dead;1;504
UM-HET3;C2004;TJL;m;JL00737;Control;0;;removed;0;841
UM-HET3;C2004;TJL;m;JL00738;Control;0;;dead;1;561
UM-HET3;C2004;TJL;m;JL00739;Control;0;;dead;1;905
UM-HET3;C2004;TJL;m;JL00740;Control;0;;dead;1;903
UM-HET3;C2004;TJL;m;JL00741;Control;0;;dead;1;511
UM-HET3;C2004;TJL;m;JL00748;Control;0;;dead;1;848
UM-HET3;C2004;TJL;m;JL00749;Control;0;;dead;1;420
UM-HET3;C2004;TJL;m;JL00750;Control;0;;dead;1;540
UM-HET3;C2004;TJL;m;JL00751;Control;0;;dead;1;1064
UM-HET3;C2004;TJL;m;JL00752;Control;0;;dead;1;936
UM-HET3;C2004;TJL;m;JL00753;Control;0;;dead;1;875
UM-HET3;C2004;TJL;f;JL00769;Control;0;;dead;1;692
UM-HET3;C2004;TJL;f;JL00770;Control;0;;dead;1;726
UM-HET3;C2004;TJL;f;JL00771;Control;0;;dead;1;847
UM-HET3;C2004;TJL;f;JL00772;Control;0;;dead;1;888
UM-HET3;C2004;TJL;f;JL00773;Control;0;;dead;1;1106
UM-HET3;C2004;TJL;f;JL00774;Control;0;;dead;1;705
UM-HET3;C2004;TJL;f;JL00775;Control;0;;dead;1;580
UM-HET3;C2004;TJL;f;JL00776;Control;0;;dead;1;1161
UM-HET3;C2004;TJL;f;JL00777;Control;0;;dead;1;1028
UM-HET3;C2004;TJL;f;JL00778;Control;0;;dead;1;946
UM-HET3;C2004;TJL;f;JL00779;Control;0;;dead;1;715
UM-HET3;C2004;TJL;f;JL00780;Control;0;;dead;1;982
UM-HET3;C2004;TJL;f;JL00789;Control;0;;dead;1;534
UM-HET3;C2004;TJL;f;JL00790;Control;0;;dead;1;1188
UM-HET3;C2004;TJL;f;JL00791;Control;0;;dead;1;1009
UM-HET3;C2004;TJL;f;JL00792;Control;0;;dead;1;856
UM-HET3;C2004;TJL;f;JL00793;Control;0;;dead;1;916
UM-HET3;C2004;TJL;f;JL00794;Control;0;;dead;1;865
UM-HET3;C2004;TJL;f;JL00795;Control;0;;dead;1;860
UM-HET3;C2004;TJL;f;JL00796;Control;0;;dead;1;801
UM-HET3;C2004;TJL;f;JL00797;Control;0;;dead;1;994
UM-HET3;C2004;TJL;f;JL00798;Control;0;;dead;1;1021
UM-HET3;C2004;TJL;f;JL00799;Control;0;;dead;1;791
UM-HET3;C2004;TJL;f;JL00800;Control;0;;dead;1;741
UM-HET3;C2004;TJL;m;JL00805;Control;0;;dead;1;730
UM-HET3;C2004;TJL;m;JL00806;Control;0;;dead;1;955
UM-HET3;C2004;TJL;m;JL00807;Control;0;;dead;1;857
UM-HET3;C2004;TJL;m;JL00808;Control;0;;dead;1;1216
UM-HET3;C2004;TJL;m;JL00809;Control;0;;dead;1;659
UM-HET3;C2004;TJL;m;JL00810;Control;0;;dead;1;600
UM-HET3;C2004;TJL;f;JL00814;Control;0;;dead;1;994
UM-HET3;C2004;TJL;f;JL00815;Control;0;;dead;1;850
UM-HET3;C2004;TJL;f;JL00816;Control;0;;dead;1;1052
UM-HET3;C2004;TJL;m;JL00820;Control;0;;dead;1;860
UM-HET3;C2004;TJL;m;JL00821;Control;0;;dead;1;998
UM-HET3;C2004;TJL;m;JL00822;Control;0;;dead;1;553
UM-HET3;C2004;TJL;f;JL00835;Control;0;;dead;1;1078
UM-HET3;C2004;TJL;m;JL00871;Control;0;;dead;1;757
UM-HET3;C2004;TJL;m;JL00872;Control;0;;dead;1;751
UM-HET3;C2004;TJL;m;JL00873;Control;0;;dead;1;479
UM-HET3;C2004;UM;f;UM00028;Control;0;;dead;1;945
UM-HET3;C2004;UM;f;UM00035;Control;0;;dead;1;985
UM-HET3;C2004;UM;f;UM00042;Control;0;;removed;0;124
UM-HET3;C2004;UM;f;UM00049;Control;0;;dead;1;604
UM-HET3;C2004;UM;m;UM00056;Control;0;;dead;1;838
UM-HET3;C2004;UM;m;UM00063;Control;0;;dead;1;687
UM-HET3;C2004;UM;m;UM00070;Control;0;;dead;1;1033
UM-HET3;C2004;UM;f;UM00077;Control;0;;dead;1;988
UM-HET3;C2004;UM;f;UM00084;Control;0;;removed;0;124
UM-HET3;C2004;UM;f;UM00091;Control;0;;dead;1;831
UM-HET3;C2004;UM;f;UM00098;Control;0;;dead;1;803
UM-HET3;C2004;UM;m;UM00126;Control;0;;dead;1;910
UM-HET3;C2004;UM;m;UM00133;Control;0;;dead;1;876
UM-HET3;C2004;UM;m;UM00140;Control;0;;dead;1;722
UM-HET3;C2004;UM;f;UM00147;Control;0;;removed;0;171
UM-HET3;C2004;UM;f;UM00154;Control;0;;removed;0;171
UM-HET3;C2004;UM;f;UM00161;Control;0;;removed;0;171
UM-HET3;C2004;UM;f;UM00168;Control;0;;removed;0;171
UM-HET3;C2004;UM;m;UM00203;Control;0;;dead;1;1305
UM-HET3;C2004;UM;m;UM00210;Control;0;;dead;1;1134
UM-HET3;C2004;UM;m;UM00217;Control;0;;dead;1;435
UM-HET3;C2004;UM;m;UM00343;Control;0;;removed;0;478
UM-HET3;C2004;UM;m;UM00350;Control;0;;dead;1;432
UM-HET3;C2004;UM;m;UM00357;Control;0;;removed;0;478
UM-HET3;C2004;UM;m;UM00455;Control;0;;removed;0;256
UM-HET3;C2004;UM;m;UM00462;Control;0;;removed;0;256
UM-HET3;C2004;UM;m;UM00469;Control;0;;removed;0;256
UM-HET3;C2004;UM;m;UM00525;Control;0;;dead;1;766
UM-HET3;C2004;UM;m;UM00532;Control;0;;dead;1;1004
UM-HET3;C2004;UM;m;UM00539;Control;0;;dead;1;1083
UM-HET3;C2004;UM;m;UM00623;Control;0;;dead;1;507
UM-HET3;C2004;UM;m;UM00630;Control;0;;dead;1;644
UM-HET3;C2004;UM;m;UM00637;Control;0;;dead;1;321
UM-HET3;C2004;UM;m;UM00721;Control;0;;dead;1;1121
UM-HET3;C2004;UM;m;UM00728;Control;0;;dead;1;970
UM-HET3;C2004;UM;m;UM00735;Control;0;;dead;1;893
UM-HET3;C2004;UM;m;UM00742;Control;0;;dead;1;735
UM-HET3;C2004;UM;m;UM00749;Control;0;;dead;1;835
UM-HET3;C2004;UM;m;UM00756;Control;0;;dead;1;692
UM-HET3;C2004;UM;m;UM00763;Control;0;;dead;1;1209
UM-HET3;C2004;UM;m;UM00770;Control;0;;dead;1;1011
UM-HET3;C2004;UM;m;UM00777;Control;0;;dead;1;728
UM-HET3;C2004;UM;f;UM00875;Control;0;;dead;1;973
UM-HET3;C2004;UM;f;UM00882;Control;0;;dead;1;1010
UM-HET3;C2004;UM;f;UM00889;Control;0;;dead;1;1005
UM-HET3;C2004;UM;f;UM00896;Control;0;;dead;1;638
UM-HET3;C2004;UM;m;UM00924;Control;0;;dead;1;967
UM-HET3;C2004;UM;m;UM00931;Control;0;;dead;1;1103
UM-HET3;C2004;UM;m;UM00938;Control;0;;dead;1;668
UM-HET3;C2004;UM;m;UM01071;Control;0;;dead;1;972
UM-HET3;C2004;UM;m;UM01078;Control;0;;dead;1;765
UM-HET3;C2004;UM;m;UM01085;Control;0;;dead;1;790
UM-HET3;C2004;UM;m;UM01190;Control;0;;dead;1;1135
UM-HET3;C2004;UM;m;UM01197;Control;0;;dead;1;592
UM-HET3;C2004;UM;m;UM01204;Control;0;;dead;1;717
UM-HET3;C2004;UM;m;UM01211;Control;0;;dead;1;768
UM-HET3;C2004;UM;m;UM01218;Control;0;;dead;1;1115
UM-HET3;C2004;UM;m;UM01225;Control;0;;dead;1;912
UM-HET3;C2004;UM;m;UM01351;Control;0;;dead;1;949
UM-HET3;C2004;UM;m;UM01358;Control;0;;dead;1;681
UM-HET3;C2004;UM;m;UM01365;Control;0;;dead;1;1047
UM-HET3;C2004;UM;f;UM01372;Control;0;;dead;1;909
UM-HET3;C2004;UM;f;UM01379;Control;0;;dead;1;1093
UM-HET3;C2004;UM;f;UM01386;Control;0;;dead;1;1111
UM-HET3;C2004;UM;f;UM01393;Control;0;;dead;1;892
UM-HET3;C2004;UM;m;UM01470;Control;0;;dead;1;1043
UM-HET3;C2004;UM;m;UM01477;Control;0;;dead;1;1176
UM-HET3;C2004;UM;m;UM01484;Control;0;;dead;1;1053
UM-HET3;C2004;UM;f;UM01491;Control;0;;removed;0;270
UM-HET3;C2004;UM;f;UM01498;Control;0;;removed;0;270
UM-HET3;C2004;UM;f;UM01505;Control;0;;removed;0;270
UM-HET3;C2004;UM;f;UM01512;Control;0;;removed;0;270
UM-HET3;C2004;UM;m;UM01519;Control;0;;dead;1;983
UM-HET3;C2004;UM;m;UM01526;Control;0;;dead;1;995
UM-HET3;C2004;UM;m;UM01533;Control;0;;dead;1;995
UM-HET3;C2004;UM;f;UM01603;Control;0;;dead;1;793
UM-HET3;C2004;UM;f;UM01610;Control;0;;dead;1;729
UM-HET3;C2004;UM;f;UM01617;Control;0;;dead;1;798
UM-HET3;C2004;UM;f;UM01624;Control;0;;dead;1;546
UM-HET3;C2004;UM;m;UM01799;Control;0;;removed;0;450
UM-HET3;C2004;UM;m;UM01806;Control;0;;removed;0;450
UM-HET3;C2004;UM;m;UM01813;Control;0;;removed;0;450
UM-HET3;C2004;UM;f;UM01820;Control;0;;dead;1;1021
UM-HET3;C2004;UM;f;UM01827;Control;0;;dead;1;1159
UM-HET3;C2004;UM;f;UM01834;Control;0;;dead;1;958
UM-HET3;C2004;UM;f;UM01841;Control;0;;dead;1;991
UM-HET3;C2004;UM;m;UM01974;Control;0;;dead;1;902
UM-HET3;C2004;UM;m;UM01981;Control;0;;dead;1;705
UM-HET3;C2004;UM;m;UM01988;Control;0;;dead;1;897
UM-HET3;C2004;UM;m;UM01995;Control;0;;dead;1;1111
UM-HET3;C2004;UM;m;UM02002;Control;0;;dead;1;674
UM-HET3;C2004;UM;m;UM02009;Control;0;;dead;1;988
UM-HET3;C2004;UM;f;UM02093;Control;0;;dead;1;939
UM-HET3;C2004;UM;f;UM02100;Control;0;;dead;1;957
UM-HET3;C2004;UM;f;UM02107;Control;0;;dead;1;1006
UM-HET3;C2004;UM;f;UM02114;Control;0;;dead;1;939
UM-HET3;C2004;UM;f;UM02212;Control;0;;dead;1;703
UM-HET3;C2004;UM;f;UM02219;Control;0;;dead;1;675
UM-HET3;C2004;UM;f;UM02226;Control;0;;dead;1;944
UM-HET3;C2004;UM;f;UM02233;Control;0;;dead;1;709
UM-HET3;C2004;UM;m;UM02282;Control;0;;dead;1;995
UM-HET3;C2004;UM;m;UM02289;Control;0;;dead;1;780
UM-HET3;C2004;UM;m;UM02296;Control;0;;dead;1;1130
UM-HET3;C2004;UM;f;UM02429;Control;0;;dead;1;1044
UM-HET3;C2004;UM;f;UM02436;Control;0;;dead;1;1178
UM-HET3;C2004;UM;f;UM02443;Control;0;;dead;1;1126
UM-HET3;C2004;UM;f;UM02450;Control;0;;dead;1;673
UM-HET3;C2004;UM;m;UM02548;Control;0;;dead;1;866
UM-HET3;C2004;UM;m;UM02555;Control;0;;dead;1;684
UM-HET3;C2004;UM;m;UM02562;Control;0;;dead;1;362
UM-HET3;C2004;UM;f;UM02590;Control;0;;dead;1;959
UM-HET3;C2004;UM;f;UM02597;Control;0;;dead;1;929
UM-HET3;C2004;UM;f;UM02604;Control;0;;dead;1;938
UM-HET3;C2004;UM;f;UM02611;Control;0;;dead;1;920
UM-HET3;C2004;UM;f;UM02639;Control;0;;dead;1;496
UM-HET3;C2004;UM;f;UM02646;Control;0;;dead;1;868
UM-HET3;C2004;UM;f;UM02653;Control;0;;dead;1;848
UM-HET3;C2004;UM;f;UM02660;Control;0;;dead;1;1125
UM-HET3;C2004;UM;m;UM02667;Control;0;;dead;1;890
UM-HET3;C2004;UM;m;UM02674;Control;0;;dead;1;783
UM-HET3;C2004;UM;m;UM02681;Control;0;;dead;1;814
UM-HET3;C2004;UM;f;UM02786;Control;0;;removed;0;641
UM-HET3;C2004;UM;f;UM02793;Control;0;;removed;0;641
UM-HET3;C2004;UM;f;UM02800;Control;0;;removed;0;641
UM-HET3;C2004;UM;f;UM02807;Control;0;;removed;0;1006
UM-HET3;C2004;UM;m;UM02835;Control;0;;dead;1;872
UM-HET3;C2004;UM;m;UM02842;Control;0;;dead;1;979
UM-HET3;C2004;UM;m;UM02849;Control;0;;dead;1;1193
UM-HET3;C2004;UM;m;UM02856;Control;0;;removed;0;321
UM-HET3;C2004;UM;m;UM02863;Control;0;;removed;0;321
UM-HET3;C2004;UM;m;UM02870;Control;0;;removed;0;321
UM-HET3;C2004;UM;m;UM02919;Control;0;;removed;0;445
UM-HET3;C2004;UM;m;UM02926;Control;0;;removed;0;445
UM-HET3;C2004;UM;m;UM02933;Control;0;;removed;0;445
UM-HET3;C2004;UM;m;UM03045;Control;0;;dead;1;932
UM-HET3;C2004;UM;m;UM03052;Control;0;;dead;1;978
UM-HET3;C2004;UM;m;UM03059;Control;0;;dead;1;808
UM-HET3;C2004;UM;f;UM03185;Control;0;;dead;1;835
UM-HET3;C2004;UM;f;UM03192;Control;0;;dead;1;803
UM-HET3;C2004;UM;f;UM03199;Control;0;;dead;1;945
UM-HET3;C2004;UM;f;UM03206;Control;0;;dead;1;1146
UM-HET3;C2004;UM;f;UM03213;Control;0;;dead;1;665
UM-HET3;C2004;UM;f;UM03220;Control;0;;dead;1;1210
UM-HET3;C2004;UM;f;UM03227;Control;0;;dead;1;1122
UM-HET3;C2004;UM;f;UM03234;Control;0;;dead;1;583
UM-HET3;C2004;UM;m;UM03241;Control;0;;dead;1;406
UM-HET3;C2004;UM;m;UM03248;Control;0;;dead;1;676
UM-HET3;C2004;UM;m;UM03255;Control;0;;dead;1;968
UM-HET3;C2004;UM;f;UM03283;Control;0;;dead;1;907
UM-HET3;C2004;UM;f;UM03290;Control;0;;dead;1;887
UM-HET3;C2004;UM;f;UM03297;Control;0;;dead;1;613
UM-HET3;C2004;UM;f;UM03304;Control;0;;dead;1;905
UM-HET3;C2004;UM;f;UM03430;Control;0;;dead;1;858
UM-HET3;C2004;UM;f;UM03437;Control;0;;dead;1;703
UM-HET3;C2004;UM;f;UM03444;Control;0;;dead;1;804
UM-HET3;C2004;UM;f;UM03451;Control;0;;dead;1;922
UM-HET3;C2004;UM;m;UM03458;Control;0;;dead;1;871
UM-HET3;C2004;UM;m;UM03465;Control;0;;dead;1;732
UM-HET3;C2004;UM;m;UM03472;Control;0;;dead;1;1136
UM-HET3;C2004;UM;f;UM03500;Control;0;;dead;1;1111
UM-HET3;C2004;UM;f;UM03507;Control;0;;dead;1;637
UM-HET3;C2004;UM;f;UM03514;Control;0;;dead;1;427
UM-HET3;C2004;UM;f;UM03521;Control;0;;dead;1;1039
UM-HET3;C2004;UM;m;UM03570;Control;0;;dead;1;870
UM-HET3;C2004;UM;m;UM03577;Control;0;;dead;1;390
UM-HET3;C2004;UM;m;UM03584;Control;0;;dead;1;506
UM-HET3;C2004;UM;m;UM03591;Control;0;;dead;1;736
UM-HET3;C2004;UM;m;UM03598;Control;0;;dead;1;681
UM-HET3;C2004;UM;m;UM03605;Control;0;;dead;1;1020
UM-HET3;C2004;UM;m;UM03738;Control;0;;dead;1;957
UM-HET3;C2004;UM;m;UM03745;Control;0;;dead;1;727
UM-HET3;C2004;UM;m;UM03752;Control;0;;dead;1;810
UM-HET3;C2004;UM;f;UM03780;Control;0;;dead;1;1032
UM-HET3;C2004;UM;f;UM03787;Control;0;;dead;1;927
UM-HET3;C2004;UM;f;UM03794;Control;0;;dead;1;800
UM-HET3;C2004;UM;f;UM03801;Control;0;;dead;1;709
UM-HET3;C2004;UM;m;UM04046;Control;0;;dead;1;657
UM-HET3;C2004;UM;m;UM04053;Control;0;;dead;1;995
UM-HET3;C2004;UM;m;UM04060;Control;0;;dead;1;812
UM-HET3;C2004;UM;m;UM04144;Control;0;;dead;1;526
UM-HET3;C2004;UM;m;UM04151;Control;0;;dead;1;828
UM-HET3;C2004;UM;m;UM04158;Control;0;;dead;1;840
UM-HET3;C2004;UM;m;UM04165;Control;0;;removed;0;339
UM-HET3;C2004;UM;m;UM04172;Control;0;;removed;0;339
UM-HET3;C2004;UM;m;UM04179;Control;0;;removed;0;339
UM-HET3;C2004;UM;m;UM04256;Control;0;;dead;1;1161
UM-HET3;C2004;UM;m;UM04263;Control;0;;dead;1;811
UM-HET3;C2004;UM;m;UM04270;Control;0;;dead;1;1161
UM-HET3;C2004;UM;m;UM04319;Control;0;;dead;1;976
UM-HET3;C2004;UM;m;UM04326;Control;0;;dead;1;304
UM-HET3;C2004;UM;m;UM04333;Control;0;;dead;1;776
UM-HET3;C2004;UM;m;UM04515;Control;0;;removed;0;231
UM-HET3;C2004;UM;m;UM04522;Control;0;;removed;0;231
UM-HET3;C2004;UM;m;UM04529;Control;0;;removed;0;231
UM-HET3;C2004;UM;m;UM04578;Control;0;;dead;1;868
UM-HET3;C2004;UM;m;UM04585;Control;0;;dead;1;989
UM-HET3;C2004;UM;m;UM04592;Control;0;;dead;1;589
UM-HET3;C2004;UM;f;UM04669;Control;0;;dead;1;893
UM-HET3;C2004;UM;f;UM04676;Control;0;;dead;1;1037
UM-HET3;C2004;UM;f;UM04683;Control;0;;dead;1;942
UM-HET3;C2004;UM;f;UM04690;Control;0;;dead;1;861
UM-HET3;C2004;UM;f;UM04697;Control;0;;dead;1;911
UM-HET3;C2004;UM;f;UM04704;Control;0;;dead;1;1022
UM-HET3;C2004;UM;f;UM04711;Control;0;;dead;1;1050
UM-HET3;C2004;UM;f;UM04718;Control;0;;dead;1;568
UM-HET3;C2004;UM;m;UM04725;Control;0;;dead;1;544
UM-HET3;C2004;UM;m;UM04732;Control;0;;dead;1;1024
UM-HET3;C2004;UM;m;UM04739;Control;0;;dead;1;822
UM-HET3;C2004;UM;m;UM04809;Control;0;;dead;1;832
UM-HET3;C2004;UM;m;UM04816;Control;0;;dead;1;778
UM-HET3;C2004;UM;m;UM04823;Control;0;;dead;1;835
UM-HET3;C2004;UM;f;UM04830;Control;0;;dead;1;722
UM-HET3;C2004;UM;f;UM04837;Control;0;;dead;1;687
UM-HET3;C2004;UM;f;UM04844;Control;0;;dead;1;504
UM-HET3;C2004;UM;f;UM04851;Control;0;;dead;1;772
UM-HET3;C2004;UM;m;UM04907;Control;0;;dead;1;1048
UM-HET3;C2004;UM;m;UM04914;Control;0;;dead;1;863
UM-HET3;C2004;UM;m;UM04921;Control;0;;dead;1;859
UM-HET3;C2004;UM;f;UM04928;Control;0;;dead;1;826
UM-HET3;C2004;UM;f;UM04935;Control;0;;dead;1;971
UM-HET3;C2004;UM;f;UM04942;Control;0;;dead;1;1008
UM-HET3;C2004;UM;f;UM04949;Control;0;;dead;1;936
UM-HET3;C2004;UT;m;UT00052;Control;0;;dead;1;717
UM-HET3;C2004;UT;m;UT00053;Control;0;;dead;1;729
UM-HET3;C2004;UT;m;UT00054;Control;0;;dead;1;373
UM-HET3;C2004;UT;f;UT00076;Control;0;;dead;1;1036
UM-HET3;C2004;UT;f;UT00077;Control;0;;dead;1;764
UM-HET3;C2004;UT;f;UT00078;Control;0;;dead;1;906
UM-HET3;C2004;UT;f;UT00079;Control;0;;dead;1;919
UM-HET3;C2004;UT;f;UT00092;Control;0;;dead;1;1048
UM-HET3;C2004;UT;f;UT00093;Control;0;;dead;1;941
UM-HET3;C2004;UT;f;UT00095;Control;0;;dead;1;423
UM-HET3;C2004;UT;f;UT00096;Control;0;;dead;1;1119
UM-HET3;C2004;UT;m;UT00119;Control;0;;dead;1;824
UM-HET3;C2004;UT;m;UT00120;Control;0;;dead;1;674
UM-HET3;C2004;UT;m;UT00121;Control;0;;dead;1;847
UM-HET3;C2004;UT;f;UT00167;Control;0;;dead;1;906
UM-HET3;C2004;UT;f;UT00169;Control;0;;dead;1;1021
UM-HET3;C2004;UT;f;UT00170;Control;0;;dead;1;989
UM-HET3;C2004;UT;f;UT00171;Control;0;;dead;1;695
UM-HET3;C2004;UT;m;UT00185;Control;0;;dead;1;658
UM-HET3;C2004;UT;m;UT00186;Control;0;;dead;1;686
UM-HET3;C2004;UT;m;UT00187;Control;0;;dead;1;877
UM-HET3;C2004;UT;f;UT00225;Control;0;;dead;1;749
UM-HET3;C2004;UT;f;UT00227;Control;0;;dead;1;1115
UM-HET3;C2004;UT;f;UT00228;Control;0;;dead;1;811
UM-HET3;C2004;UT;f;UT00229;Control;0;;dead;1;867
UM-HET3;C2004;UT;m;UT00253;Control;0;;dead;1;1059
UM-HET3;C2004;UT;m;UT00254;Control;0;;dead;1;779
UM-HET3;C2004;UT;m;UT00255;Control;0;;dead;1;765
UM-HET3;C2004;UT;m;UT00277;Control;0;;removed;0;734
UM-HET3;C2004;UT;m;UT00278;Control;0;;dead;1;626
UM-HET3;C2004;UT;m;UT00279;Control;0;;dead;1;729
UM-HET3;C2004;UT;m;UT00284;Control;0;;dead;1;863
UM-HET3;C2004;UT;m;UT00285;Control;0;;dead;1;966
UM-HET3;C2004;UT;m;UT00286;Control;0;;dead;1;409
UM-HET3;C2004;UT;f;UT00301;Control;0;;dead;1;739
UM-HET3;C2004;UT;f;UT00302;Control;0;;dead;1;977
UM-HET3;C2004;UT;f;UT00303;Control;0;;dead;1;707
UM-HET3;C2004;UT;f;UT00304;Control;0;;dead;1;618
UM-HET3;C2004;UT;m;UT00305;Control;0;;dead;1;635
UM-HET3;C2004;UT;m;UT00306;Control;0;;removed;0;740
UM-HET3;C2004;UT;m;UT00307;Control;0;;removed;0;740
UM-HET3;C2004;UT;m;UT00309;Control;0;;dead;1;505
UM-HET3;C2004;UT;m;UT00310;Control;0;;dead;1;1065
UM-HET3;C2004;UT;m;UT00315;Control;0;;dead;1;363
UM-HET3;C2004;UT;m;UT00316;Control;0;;dead;1;560
UM-HET3;C2004;UT;m;UT00317;Control;0;;dead;1;753
UM-HET3;C2004;UT;m;UT00328;Control;0;;dead;1;546
UM-HET3;C2004;UT;m;UT00329;Control;0;;dead;1;982
UM-HET3;C2004;UT;m;UT00330;Control;0;;dead;1;1132
UM-HET3;C2004;UT;m;UT00353;Control;0;;dead;1;886
UM-HET3;C2004;UT;m;UT00354;Control;0;;dead;1;524
UM-HET3;C2004;UT;m;UT00355;Control;0;;dead;1;474
UM-HET3;C2004;UT;m;UT00375;Control;0;;dead;1;848
UM-HET3;C2004;UT;m;UT00376;Control;0;;dead;1;774
UM-HET3;C2004;UT;m;UT00377;Control;0;;dead;1;932
UM-HET3;C2004;UT;m;UT00385;Control;0;;dead;1;837
UM-HET3;C2004;UT;m;UT00386;Control;0;;dead;1;681
UM-HET3;C2004;UT;m;UT00387;Control;0;;dead;1;798
UM-HET3;C2004;UT;m;UT00388;Control;0;;dead;1;423
UM-HET3;C2004;UT;m;UT00389;Control;0;;dead;1;543
UM-HET3;C2004;UT;m;UT00390;Control;0;;dead;1;570
UM-HET3;C2004;UT;m;UT00397;Control;0;;dead;1;382
UM-HET3;C2004;UT;f;UT00423;Control;0;;dead;1;1087
UM-HET3;C2004;UT;f;UT00424;Control;0;;dead;1;859
UM-HET3;C2004;UT;f;UT00425;Control;0;;dead;1;777
UM-HET3;C2004;UT;f;UT00426;Control;0;;dead;1;718
UM-HET3;C2004;UT;f;UT00434;Control;0;;dead;1;1029
UM-HET3;C2004;UT;f;UT00437;Control;0;;dead;1;973
UM-HET3;C2004;UT;f;UT00438;Control;0;;dead;1;1065
UM-HET3;C2004;UT;f;UT00439;Control;0;;dead;1;808
UM-HET3;C2004;UT;m;UT00447;Control;0;;dead;1;798
UM-HET3;C2004;UT;m;UT00448;Control;0;;dead;1;1082
UM-HET3;C2004;UT;m;UT00449;Control;0;;dead;1;619
UM-HET3;C2004;UT;f;UT00453;Control;0;;dead;1;861
UM-HET3;C2004;UT;f;UT00454;Control;0;;dead;1;695
UM-HET3;C2004;UT;f;UT00455;Control;0;;dead;1;773
UM-HET3;C2004;UT;f;UT00456;Control;0;;dead;1;948
UM-HET3;C2004;UT;m;UT00457;Control;0;;dead;1;910
UM-HET3;C2004;UT;m;UT00458;Control;0;;dead;1;813
UM-HET3;C2004;UT;m;UT00459;Control;0;;dead;1;929
UM-HET3;C2004;UT;m;UT00463;Control;0;;dead;1;660
UM-HET3;C2004;UT;m;UT00464;Control;0;;dead;1;775
UM-HET3;C2004;UT;m;UT00465;Control;0;;dead;1;592
UM-HET3;C2004;UT;m;UT00476;Control;0;;dead;1;758
UM-HET3;C2004;UT;m;UT00477;Control;0;;dead;1;988
UM-HET3;C2004;UT;m;UT00478;Control;0;;dead;1;927
UM-HET3;C2004;UT;f;UT00504;Control;0;;dead;1;685
UM-HET3;C2004;UT;f;UT00505;Control;0;;dead;1;1147
UM-HET3;C2004;UT;f;UT00506;Control;0;;dead;1;1019
UM-HET3;C2004;UT;f;UT00507;Control;0;;dead;1;1017
UM-HET3;C2004;UT;m;UT00508;Control;0;;dead;1;671
UM-HET3;C2004;UT;m;UT00509;Control;0;;dead;1;808
UM-HET3;C2004;UT;m;UT00510;Control;0;;dead;1;1073
UM-HET3;C2004;UT;m;UT00511;Control;0;;dead;1;948
UM-HET3;C2004;UT;m;UT00512;Control;0;;dead;1;604
UM-HET3;C2004;UT;m;UT00513;Control;0;;dead;1;1111
UM-HET3;C2004;UT;m;UT00517;Control;0;;dead;1;311
UM-HET3;C2004;UT;m;UT00518;Control;0;;dead;1;955
UM-HET3;C2004;UT;m;UT00519;Control;0;;dead;1;140
UM-HET3;C2004;UT;m;UT00545;Control;0;;dead;1;1070
UM-HET3;C2004;UT;m;UT00546;Control;0;;dead;1;819
UM-HET3;C2004;UT;m;UT00547;Control;0;;dead;1;507
UM-HET3;C2004;UT;f;UT00548;Control;0;;dead;1;701
UM-HET3;C2004;UT;f;UT00549;Control;0;;dead;1;732
UM-HET3;C2004;UT;f;UT00550;Control;0;;dead;1;900
UM-HET3;C2004;UT;f;UT00551;Control;0;;dead;1;998
UM-HET3;C2004;UT;m;UT00552;Control;0;;dead;1;654
UM-HET3;C2004;UT;m;UT00553;Control;0;;dead;1;627
UM-HET3;C2004;UT;m;UT00554;Control;0;;dead;1;887
UM-HET3;C2004;UT;m;UT00558;Control;0;;dead;1;640
UM-HET3;C2004;UT;m;UT00559;Control;0;;dead;1;386
UM-HET3;C2004;UT;m;UT00560;Control;0;;dead;1;878
UM-HET3;C2004;UT;f;UT00585;Control;0;;dead;1;794
UM-HET3;C2004;UT;f;UT00586;Control;0;;dead;1;268
UM-HET3;C2004;UT;f;UT00587;Control;0;;dead;1;975
UM-HET3;C2004;UT;f;UT00588;Control;0;;dead;1;958
UM-HET3;C2004;UT;m;UT00592;Control;0;;dead;1;896
UM-HET3;C2004;UT;m;UT00595;Control;0;;dead;1;635
UM-HET3;C2004;UT;m;UT00596;Control;0;;dead;1;893
UM-HET3;C2004;UT;m;UT00599;Control;0;;dead;1;829
UM-HET3;C2004;UT;m;UT00600;Control;0;;dead;1;809
UM-HET3;C2004;UT;m;UT00601;Control;0;;dead;1;562
UM-HET3;C2004;UT;f;UT00605;Control;0;;dead;1;863
UM-HET3;C2004;UT;f;UT00606;Control;0;;dead;1;740
UM-HET3;C2004;UT;f;UT00607;Control;0;;dead;1;1188
UM-HET3;C2004;UT;f;UT00608;Control;0;;dead;1;1040
UM-HET3;C2004;UT;f;UT00615;Control;0;;dead;1;922
UM-HET3;C2004;UT;f;UT00616;Control;0;;dead;1;1131
UM-HET3;C2004;UT;f;UT00617;Control;0;;dead;1;891
UM-HET3;C2004;UT;f;UT00618;Control;0;;dead;1;776
UM-HET3;C2004;UT;f;UT00619;Control;0;;dead;1;1012
UM-HET3;C2004;UT;f;UT00620;Control;0;;dead;1;1169
UM-HET3;C2004;UT;f;UT00621;Control;0;;dead;1;803
UM-HET3;C2004;UT;f;UT00622;Control;0;;dead;1;983
UM-HET3;C2004;UT;f;UT00626;Control;0;;dead;1;806
UM-HET3;C2004;UT;f;UT00627;Control;0;;dead;1;668
UM-HET3;C2004;UT;f;UT00628;Control;0;;dead;1;1153
UM-HET3;C2004;UT;f;UT00629;Control;0;;dead;1;489
UM-HET3;C2004;UT;f;UT00630;Control;0;;dead;1;1046
UM-HET3;C2004;UT;f;UT00631;Control;0;;dead;1;796
UM-HET3;C2004;UT;f;UT00632;Control;0;;dead;1;792
UM-HET3;C2004;UT;f;UT00633;Control;0;;dead;1;1093
UM-HET3;C2004;UT;m;UT00634;Control;0;;dead;1;1072
UM-HET3;C2004;UT;m;UT00635;Control;0;;dead;1;1041
UM-HET3;C2004;UT;m;UT00636;Control;0;;removed;0;567
UM-HET3;C2004;UT;m;UT00648;Control;0;;dead;1;822
UM-HET3;C2004;UT;m;UT00649;Control;0;;dead;1;697
UM-HET3;C2004;UT;m;UT00650;Control;0;;dead;1;774
UM-HET3;C2004;UT;f;UT00651;Control;0;;dead;1;825
UM-HET3;C2004;UT;f;UT00652;Control;0;;dead;1;879
UM-HET3;C2004;UT;f;UT00653;Control;0;;dead;1;786
UM-HET3;C2004;UT;f;UT00654;Control;0;;dead;1;631
UM-HET3;C2004;UT;f;UT00661;Control;0;;dead;1;1072
UM-HET3;C2004;UT;f;UT00662;Control;0;;dead;1;943
UM-HET3;C2004;UT;f;UT00663;Control;0;;dead;1;929
UM-HET3;C2004;UT;f;UT00664;Control;0;;dead;1;1043
UM-HET3;C2004;UT;f;UT00695;Control;0;;dead;1;840
UM-HET3;C2004;UT;f;UT00696;Control;0;;dead;1;508
UM-HET3;C2004;UT;f;UT00697;Control;0;;dead;1;800
UM-HET3;C2004;UT;f;UT00698;Control;0;;dead;1;847
UM-HET3;C2004;UT;m;UT00709;Control;0;;dead;1;479
UM-HET3;C2004;UT;m;UT00710;Control;0;;dead;1;580
UM-HET3;C2004;UT;m;UT00713;Control;0;;removed;0;205
UM-HET3;C2004;UT;f;UT00714;Control;0;;dead;1;801
UM-HET3;C2004;UT;f;UT00715;Control;0;;dead;1;966
UM-HET3;C2004;UT;f;UT00716;Control;0;;dead;1;671
UM-HET3;C2004;UT;f;UT00717;Control;0;;dead;1;937
UM-HET3;C2004;UT;m;UT00721;Control;0;;dead;1;635
UM-HET3;C2004;UT;m;UT00722;Control;0;;dead;1;306
UM-HET3;C2004;UT;m;UT00723;Control;0;;dead;1;824
UM-HET3;C2004;UT;m;UT00728;Control;0;;dead;1;861
UM-HET3;C2004;UT;m;UT00729;Control;0;;dead;1;885
UM-HET3;C2004;UT;m;UT00730;Control;0;;dead;1;638
UM-HET3;C2004;UT;f;UT00734;Control;0;;dead;1;670
UM-HET3;C2004;UT;f;UT00735;Control;0;;dead;1;967
UM-HET3;C2004;UT;f;UT00736;Control;0;;dead;1;690
UM-HET3;C2004;UT;f;UT00737;Control;0;;dead;1;902
UM-HET3;C2004;UT;m;UT00738;Control;0;;removed;0;212
UM-HET3;C2004;UT;m;UT00739;Control;0;;removed;0;212
UM-HET3;C2004;UT;m;UT00740;Control;0;;removed;0;212
UM-HET3;C2004;UT;f;UT00742;Control;0;;dead;1;916
UM-HET3;C2004;UT;f;UT00743;Control;0;;dead;1;903
UM-HET3;C2004;UT;f;UT00744;Control;0;;dead;1;665
UM-HET3;C2004;UT;f;UT00745;Control;0;;dead;1;1076
UM-HET3;C2004;UT;f;UT00755;Control;0;;dead;1;709
UM-HET3;C2004;UT;f;UT00756;Control;0;;dead;1;923
UM-HET3;C2004;UT;f;UT00757;Control;0;;dead;1;1004
UM-HET3;C2004;UT;f;UT00758;Control;0;;dead;1;881
UM-HET3;C2004;UT;m;UT00759;Control;0;;dead;1;197
UM-HET3;C2004;UT;f;UT00762;Control;0;;dead;1;717
UM-HET3;C2004;UT;f;UT00763;Control;0;;dead;1;660
UM-HET3;C2004;UT;f;UT00764;Control;0;;dead;1;88
UM-HET3;C2004;UT;f;UT00765;Control;0;;dead;1;875
UM-HET3;C2004;UT;m;UT00766;Control;0;;dead;1;1100
UM-HET3;C2004;UT;m;UT00767;Control;0;;dead;1;417
UM-HET3;C2004;UT;m;UT00768;Control;0;;dead;1;703
UM-HET3;C2004;UT;m;UT00788;Control;0;;dead;1;973
UM-HET3;C2004;UT;m;UT00789;Control;0;;dead;1;452
UM-HET3;C2004;UT;m;UT00790;Control;0;;dead;1;665
UM-HET3;C2004;UT;m;UT00791;Control;0;;dead;1;572
UM-HET3;C2004;UT;m;UT00792;Control;0;;dead;1;777
UM-HET3;C2004;UT;m;UT00793;Control;0;;dead;1;961
UM-HET3;C2004;UT;m;UT00794;Control;0;;dead;1;792
UM-HET3;C2004;UT;m;UT00795;Control;0;;dead;1;1070
UM-HET3;C2004;UT;m;UT00796;Control;0;;dead;1;481
UM-HET3;C2004;UT;m;UT00800;Control;0;;dead;1;693
UM-HET3;C2004;UT;m;UT00801;Control;0;;dead;1;586
UM-HET3;C2004;UT;m;UT00802;Control;0;;dead;1;614
UM-HET3;C2004;UT;m;UT00803;Control;0;;dead;1;27
UM-HET3;C2004;UT;m;UT00804;Control;0;;dead;1;685
UM-HET3;C2004;UT;m;UT00805;Control;0;;dead;1;609
UM-HET3;C2004;UT;m;UT00809;Control;0;;dead;1;760
UM-HET3;C2004;UT;m;UT00810;Control;0;;dead;1;370
UM-HET3;C2004;UT;m;UT00811;Control;0;;dead;1;684
UM-HET3;C2004;UT;m;UT00815;Control;0;;dead;1;837
UM-HET3;C2004;UT;m;UT00816;Control;0;;dead;1;550
UM-HET3;C2004;UT;m;UT00817;Control;0;;dead;1;705
UM-HET3;C2004;UT;m;UT00821;Control;0;;dead;1;739
UM-HET3;C2004;UT;m;UT00822;Control;0;;dead;1;825
UM-HET3;C2004;UT;m;UT00823;Control;0;;dead;1;788
UM-HET3;C2004;UT;m;UT00833;Control;0;;dead;1;929
UM-HET3;C2004;UT;m;UT00834;Control;0;;dead;1;747
UM-HET3;C2004;UT;m;UT00835;Control;0;;dead;1;624
UM-HET3;C2004;TJL;m;JL00092;NDGA;2500;9;dead;1;575
UM-HET3;C2004;TJL;m;JL00093;NDGA;2500;9;dead;1;978
UM-HET3;C2004;TJL;m;JL00094;NDGA;2500;9;dead;1;811
UM-HET3;C2004;TJL;f;JL00202;NDGA;2500;9;dead;1;720
UM-HET3;C2004;TJL;f;JL00203;NDGA;2500;9;dead;1;536
UM-HET3;C2004;TJL;f;JL00204;NDGA;2500;9;dead;1;1065
UM-HET3;C2004;TJL;f;JL00205;NDGA;2500;9;dead;1;1169
UM-HET3;C2004;TJL;m;JL00206;NDGA;2500;9;dead;1;846
UM-HET3;C2004;TJL;m;JL00207;NDGA;2500;9;dead;1;664
UM-HET3;C2004;TJL;m;JL00208;NDGA;2500;9;dead;1;679
UM-HET3;C2004;TJL;f;JL00216;NDGA;2500;9;dead;1;894
UM-HET3;C2004;TJL;f;JL00217;NDGA;2500;9;dead;1;750
UM-HET3;C2004;TJL;f;JL00218;NDGA;2500;9;dead;1;1143
UM-HET3;C2004;TJL;f;JL00219;NDGA;2500;9;dead;1;960
UM-HET3;C2004;TJL;m;JL00282;NDGA;2500;9;dead;1;658
UM-HET3;C2004;TJL;m;JL00283;NDGA;2500;9;dead;1;762
UM-HET3;C2004;TJL;m;JL00284;NDGA;2500;9;dead;1;1012
UM-HET3;C2004;TJL;m;JL00378;NDGA;2500;9;dead;1;315
UM-HET3;C2004;TJL;m;JL00379;NDGA;2500;9;dead;1;973
UM-HET3;C2004;TJL;m;JL00380;NDGA;2500;9;dead;1;917
UM-HET3;C2004;TJL;f;JL00421;NDGA;2500;9;dead;1;862
UM-HET3;C2004;TJL;f;JL00422;NDGA;2500;9;dead;1;458
UM-HET3;C2004;TJL;f;JL00423;NDGA;2500;9;dead;1;973
UM-HET3;C2004;TJL;f;JL00424;NDGA;2500;9;dead;1;1056
UM-HET3;C2004;TJL;f;JL00448;NDGA;2500;9;dead;1;1094
UM-HET3;C2004;TJL;f;JL00449;NDGA;2500;9;dead;1;870
UM-HET3;C2004;TJL;f;JL00450;NDGA;2500;9;dead;1;722
UM-HET3;C2004;TJL;f;JL00451;NDGA;2500;9;dead;1;757
UM-HET3;C2004;TJL;f;JL00452;NDGA;2500;9;dead;1;748
UM-HET3;C2004;TJL;f;JL00453;NDGA;2500;9;dead;1;1020
UM-HET3;C2004;TJL;f;JL00454;NDGA;2500;9;dead;1;818
UM-HET3;C2004;TJL;f;JL00455;NDGA;2500;9;dead;1;895
UM-HET3;C2004;TJL;m;JL00515;NDGA;2500;9;dead;1;1035
UM-HET3;C2004;TJL;m;JL00516;NDGA;2500;9;dead;1;601
UM-HET3;C2004;TJL;m;JL00517;NDGA;2500;9;dead;1;845
UM-HET3;C2004;TJL;m;JL00521;NDGA;2500;9;removed;0;332
UM-HET3;C2004;TJL;m;JL00522;NDGA;2500;9;removed;0;332
UM-HET3;C2004;TJL;m;JL00523;NDGA;2500;9;removed;0;332
UM-HET3;C2004;TJL;m;JL00524;NDGA;2500;9;dead;1;906
UM-HET3;C2004;TJL;m;JL00525;NDGA;2500;9;dead;1;1156
UM-HET3;C2004;TJL;m;JL00526;NDGA;2500;9;dead;1;1039
UM-HET3;C2004;TJL;f;JL00542;NDGA;2500;9;dead;1;939
UM-HET3;C2004;TJL;f;JL00543;NDGA;2500;9;dead;1;891
UM-HET3;C2004;TJL;f;JL00544;NDGA;2500;9;dead;1;871
UM-HET3;C2004;TJL;f;JL00545;NDGA;2500;9;dead;1;981
UM-HET3;C2004;TJL;m;JL00581;NDGA;2500;9;dead;1;1015
UM-HET3;C2004;TJL;m;JL00582;NDGA;2500;9;dead;1;890
UM-HET3;C2004;TJL;m;JL00583;NDGA;2500;9;dead;1;771
UM-HET3;C2004;TJL;m;JL00584;NDGA;2500;9;dead;1;505
UM-HET3;C2004;TJL;m;JL00585;NDGA;2500;9;dead;1;1010
UM-HET3;C2004;TJL;m;JL00586;NDGA;2500;9;dead;1;763
UM-HET3;C2004;TJL;m;JL00590;NDGA;2500;9;dead;1;1053
UM-HET3;C2004;TJL;m;JL00591;NDGA;2500;9;dead;1;236
UM-HET3;C2004;TJL;m;JL00592;NDGA;2500;9;dead;1;782
UM-HET3;C2004;TJL;m;JL00631;NDGA;2500;9;dead;1;887
UM-HET3;C2004;TJL;m;JL00632;NDGA;2500;9;dead;1;915
UM-HET3;C2004;TJL;m;JL00633;NDGA;2500;9;dead;1;543
UM-HET3;C2004;TJL;m;JL00634;NDGA;2500;9;dead;1;463
UM-HET3;C2004;TJL;m;JL00635;NDGA;2500;9;dead;1;889
UM-HET3;C2004;TJL;m;JL00636;NDGA;2500;9;dead;1;455
UM-HET3;C2004;TJL;m;JL00637;NDGA;2500;9;dead;1;857
UM-HET3;C2004;TJL;m;JL00638;NDGA;2500;9;dead;1;330
UM-HET3;C2004;TJL;m;JL00639;NDGA;2500;9;dead;1;847
UM-HET3;C2004;TJL;f;JL00646;NDGA;2500;9;dead;1;896
UM-HET3;C2004;TJL;f;JL00647;NDGA;2500;9;dead;1;924
UM-HET3;C2004;TJL;f;JL00648;NDGA;2500;9;dead;1;664
UM-HET3;C2004;TJL;f;JL00649;NDGA;2500;9;dead;1;531
UM-HET3;C2004;TJL;f;JL00650;NDGA;2500;9;dead;1;813
UM-HET3;C2004;TJL;f;JL00651;NDGA;2500;9;dead;1;813
UM-HET3;C2004;TJL;f;JL00652;NDGA;2500;9;dead;1;647
UM-HET3;C2004;TJL;f;JL00653;NDGA;2500;9;dead;1;961
UM-HET3;C2004;TJL;m;JL00660;NDGA;2500;9;dead;1;913
UM-HET3;C2004;TJL;m;JL00661;NDGA;2500;9;dead;1;907
UM-HET3;C2004;TJL;m;JL00662;NDGA;2500;9;dead;1;703
UM-HET3;C2004;TJL;m;JL00663;NDGA;2500;9;dead;1;997
UM-HET3;C2004;TJL;m;JL00664;NDGA;2500;9;dead;1;927
UM-HET3;C2004;TJL;m;JL00665;NDGA;2500;9;dead;1;997
UM-HET3;C2004;TJL;m;JL00669;NDGA;2500;9;dead;1;904
UM-HET3;C2004;TJL;m;JL00670;NDGA;2500;9;dead;1;891
UM-HET3;C2004;TJL;m;JL00671;NDGA;2500;9;dead;1;806
UM-HET3;C2004;TJL;f;JL00680;NDGA;2500;9;dead;1;1044
UM-HET3;C2004;TJL;f;JL00681;NDGA;2500;9;dead;1;906
UM-HET3;C2004;TJL;f;JL00682;NDGA;2500;9;dead;1;893
UM-HET3;C2004;TJL;f;JL00683;NDGA;2500;9;dead;1;960
UM-HET3;C2004;TJL;f;JL00684;NDGA;2500;9;dead;1;937
UM-HET3;C2004;TJL;f;JL00685;NDGA;2500;9;dead;1;811
UM-HET3;C2004;TJL;f;JL00686;NDGA;2500;9;dead;1;777
UM-HET3;C2004;TJL;f;JL00687;NDGA;2500;9;dead;1;671
UM-HET3;C2004;TJL;m;JL00691;NDGA;2500;9;dead;1;743
UM-HET3;C2004;TJL;m;JL00692;NDGA;2500;9;dead;1;911
UM-HET3;C2004;TJL;m;JL00693;NDGA;2500;9;dead;1;713
UM-HET3;C2004;TJL;m;JL00730;NDGA;2500;9;dead;1;197
UM-HET3;C2004;TJL;m;JL00731;NDGA;2500;9;dead;1;547
UM-HET3;C2004;TJL;m;JL00732;NDGA;2500;9;dead;1;610
UM-HET3;C2004;TJL;m;JL00733;NDGA;2500;9;dead;1;686
UM-HET3;C2004;TJL;m;JL00734;NDGA;2500;9;dead;1;1112
UM-HET3;C2004;TJL;m;JL00735;NDGA;2500;9;dead;1;688
UM-HET3;C2004;TJL;f;JL00781;NDGA;2500;9;dead;1;749
UM-HET3;C2004;TJL;f;JL00782;NDGA;2500;9;dead;1;1009
UM-HET3;C2004;TJL;f;JL00783;NDGA;2500;9;dead;1;1073
UM-HET3;C2004;TJL;f;JL00784;NDGA;2500;9;dead;1;552
UM-HET3;C2004;TJL;f;JL00785;NDGA;2500;9;dead;1;924
UM-HET3;C2004;TJL;f;JL00786;NDGA;2500;9;dead;1;575
UM-HET3;C2004;TJL;f;JL00787;NDGA;2500;9;dead;1;707
UM-HET3;C2004;TJL;f;JL00788;NDGA;2500;9;dead;1;1108
UM-HET3;C2004;TJL;m;JL00811;NDGA;2500;9;dead;1;453
UM-HET3;C2004;TJL;m;JL00812;NDGA;2500;9;dead;1;1060
UM-HET3;C2004;TJL;m;JL00813;NDGA;2500;9;dead;1;1001
UM-HET3;C2004;UM;f;UM00175;NDGA;2500;9;dead;1;1113
UM-HET3;C2004;UM;f;UM00182;NDGA;2500;9;dead;1;773
UM-HET3;C2004;UM;f;UM00189;NDGA;2500;9;dead;1;614
UM-HET3;C2004;UM;f;UM00196;NDGA;2500;9;dead;1;802
UM-HET3;C2004;UM;m;UM00252;NDGA;2500;9;dead;1;835
UM-HET3;C2004;UM;m;UM00259;NDGA;2500;9;dead;1;983
UM-HET3;C2004;UM;m;UM00266;NDGA;2500;9;dead;1;970
UM-HET3;C2004;UM;f;UM00406;NDGA;2500;9;dead;1;886
UM-HET3;C2004;UM;f;UM00413;NDGA;2500;9;dead;1;1236
UM-HET3;C2004;UM;f;UM00420;NDGA;2500;9;dead;1;868
UM-HET3;C2004;UM;f;UM00427;NDGA;2500;9;dead;1;782
UM-HET3;C2004;UM;m;UM00700;NDGA;2500;9;dead;1;1098
UM-HET3;C2004;UM;m;UM00707;NDGA;2500;9;dead;1;902
UM-HET3;C2004;UM;m;UM00714;NDGA;2500;9;dead;1;940
UM-HET3;C2004;UM;f;UM00945;NDGA;2500;9;dead;1;946
UM-HET3;C2004;UM;f;UM00952;NDGA;2500;9;removed;0;92
UM-HET3;C2004;UM;f;UM00959;NDGA;2500;9;dead;1;921
UM-HET3;C2004;UM;f;UM00966;NDGA;2500;9;dead;1;914
UM-HET3;C2004;UM;f;UM01092;NDGA;2500;9;dead;1;1021
UM-HET3;C2004;UM;f;UM01099;NDGA;2500;9;dead;1;950
UM-HET3;C2004;UM;f;UM01106;NDGA;2500;9;dead;1;1055
UM-HET3;C2004;UM;f;UM01113;NDGA;2500;9;dead;1;757
UM-HET3;C2004;UM;m;UM01120;NDGA;2500;9;dead;1;960
UM-HET3;C2004;UM;m;UM01127;NDGA;2500;9;dead;1;939
UM-HET3;C2004;UM;m;UM01134;NDGA;2500;9;dead;1;921
UM-HET3;C2004;UM;f;UM01162;NDGA;2500;9;dead;1;1067
UM-HET3;C2004;UM;f;UM01169;NDGA;2500;9;dead;1;1249
UM-HET3;C2004;UM;f;UM01176;NDGA;2500;9;dead;1;833
UM-HET3;C2004;UM;f;UM01183;NDGA;2500;9;dead;1;674
UM-HET3;C2004;UM;m;UM01232;NDGA;2500;9;dead;1;715
UM-HET3;C2004;UM;m;UM01239;NDGA;2500;9;dead;1;1055
UM-HET3;C2004;UM;m;UM01246;NDGA;2500;9;dead;1;970
UM-HET3;C2004;UM;f;UM01323;NDGA;2500;9;dead;1;1083
UM-HET3;C2004;UM;f;UM01330;NDGA;2500;9;dead;1;788
UM-HET3;C2004;UM;f;UM01337;NDGA;2500;9;dead;1;1153
UM-HET3;C2004;UM;f;UM01344;NDGA;2500;9;dead;1;971
UM-HET3;C2004;UM;m;UM01540;NDGA;2500;9;dead;1;950
UM-HET3;C2004;UM;m;UM01547;NDGA;2500;9;dead;1;462
UM-HET3;C2004;UM;m;UM01554;NDGA;2500;9;dead;1;929
UM-HET3;C2004;UM;m;UM01561;NDGA;2500;9;dead;1;768
UM-HET3;C2004;UM;m;UM01568;NDGA;2500;9;dead;1;1120
UM-HET3;C2004;UM;m;UM01575;NDGA;2500;9;dead;1;1047
UM-HET3;C2004;UM;m;UM01582;NDGA;2500;9;dead;1;761
UM-HET3;C2004;UM;m;UM01589;NDGA;2500;9;dead;1;698
UM-HET3;C2004;UM;m;UM01596;NDGA;2500;9;dead;1;619
UM-HET3;C2004;UM;m;UM01659;NDGA;2500;9;dead;1;939
UM-HET3;C2004;UM;m;UM01666;NDGA;2500;9;dead;1;316
UM-HET3;C2004;UM;m;UM01673;NDGA;2500;9;dead;1;860
UM-HET3;C2004;UM;f;UM01680;NDGA;2500;9;dead;1;916
UM-HET3;C2004;UM;f;UM01687;NDGA;2500;9;dead;1;949
UM-HET3;C2004;UM;f;UM01694;NDGA;2500;9;dead;1;857
UM-HET3;C2004;UM;f;UM01701;NDGA;2500;9;dead;1;793
UM-HET3;C2004;UM;m;UM02072;NDGA;2500;9;dead;1;1116
UM-HET3;C2004;UM;m;UM02079;NDGA;2500;9;dead;1;1106
UM-HET3;C2004;UM;m;UM02086;NDGA;2500;9;dead;1;874
UM-HET3;C2004;UM;m;UM02142;NDGA;2500;9;dead;1;782
UM-HET3;C2004;UM;m;UM02149;NDGA;2500;9;dead;1;862
UM-HET3;C2004;UM;m;UM02156;NDGA;2500;9;dead;1;1267
UM-HET3;C2004;UM;f;UM02184;NDGA;2500;9;dead;1;982
UM-HET3;C2004;UM;f;UM02191;NDGA;2500;9;dead;1;1225
UM-HET3;C2004;UM;f;UM02198;NDGA;2500;9;dead;1;1203
UM-HET3;C2004;UM;f;UM02205;NDGA;2500;9;dead;1;669
UM-HET3;C2004;UM;m;UM02366;NDGA;2500;9;dead;1;1124
UM-HET3;C2004;UM;m;UM02373;NDGA;2500;9;dead;1;1142
UM-HET3;C2004;UM;m;UM02380;NDGA;2500;9;dead;1;771
UM-HET3;C2004;UM;m;UM02569;NDGA;2500;9;dead;1;1226
UM-HET3;C2004;UM;m;UM02576;NDGA;2500;9;dead;1;1090
UM-HET3;C2004;UM;m;UM02583;NDGA;2500;9;dead;1;1104
UM-HET3;C2004;UM;f;UM03108;NDGA;2500;9;dead;1;852
UM-HET3;C2004;UM;f;UM03115;NDGA;2500;9;dead;1;879
UM-HET3;C2004;UM;f;UM03122;NDGA;2500;9;dead;1;1026
UM-HET3;C2004;UM;f;UM03129;NDGA;2500;9;dead;1;784
UM-HET3;C2004;UM;f;UM03136;NDGA;2500;9;dead;1;983
UM-HET3;C2004;UM;f;UM03143;NDGA;2500;9;dead;1;843
UM-HET3;C2004;UM;f;UM03150;NDGA;2500;9;dead;1;1062
UM-HET3;C2004;UM;f;UM03157;NDGA;2500;9;dead;1;1188
UM-HET3;C2004;UM;m;UM03262;NDGA;2500;9;dead;1;805
UM-HET3;C2004;UM;m;UM03269;NDGA;2500;9;dead;1;676
UM-HET3;C2004;UM;m;UM03276;NDGA;2500;9;dead;1;1084
UM-HET3;C2004;UM;m;UM03409;NDGA;2500;9;dead;1;855
UM-HET3;C2004;UM;m;UM03416;NDGA;2500;9;dead;1;962
UM-HET3;C2004;UM;m;UM03423;NDGA;2500;9;dead;1;998
UM-HET3;C2004;UM;m;UM03479;NDGA;2500;9;dead;1;838
UM-HET3;C2004;UM;m;UM03486;NDGA;2500;9;dead;1;42
UM-HET3;C2004;UM;m;UM03493;NDGA;2500;9;dead;1;333
UM-HET3;C2004;UM;m;UM03528;NDGA;2500;9;dead;1;911
UM-HET3;C2004;UM;m;UM03535;NDGA;2500;9;dead;1;1173
UM-HET3;C2004;UM;m;UM03542;NDGA;2500;9;dead;1;609
UM-HET3;C2004;UM;m;UM03549;NDGA;2500;9;dead;1;1049
UM-HET3;C2004;UM;m;UM03556;NDGA;2500;9;dead;1;619
UM-HET3;C2004;UM;m;UM03563;NDGA;2500;9;dead;1;752
UM-HET3;C2004;UM;m;UM03612;NDGA;2500;9;dead;1;677
UM-HET3;C2004;UM;m;UM03619;NDGA;2500;9;dead;1;928
UM-HET3;C2004;UM;m;UM03626;NDGA;2500;9;dead;1;892
UM-HET3;C2004;UM;f;UM03885;NDGA;2500;9;removed;0;43
UM-HET3;C2004;UM;f;UM03892;NDGA;2500;9;removed;0;43
UM-HET3;C2004;UM;f;UM03899;NDGA;2500;9;removed;0;43
UM-HET3;C2004;UM;f;UM03906;NDGA;2500;9;removed;0;43
UM-HET3;C2004;UM;f;UM04116;NDGA;2500;9;removed;0;590
UM-HET3;C2004;UM;f;UM04123;NDGA;2500;9;removed;0;590
UM-HET3;C2004;UM;f;UM04130;NDGA;2500;9;removed;0;590
UM-HET3;C2004;UM;f;UM04137;NDGA;2500;9;removed;0;590
UM-HET3;C2004;UM;m;UM04767;NDGA;2500;9;dead;1;1186
UM-HET3;C2004;UM;m;UM04774;NDGA;2500;9;dead;1;1213
UM-HET3;C2004;UM;m;UM04781;NDGA;2500;9;dead;1;863
UM-HET3;C2004;UM;m;UM04956;NDGA;2500;9;dead;1;1022
UM-HET3;C2004;UM;m;UM04963;NDGA;2500;9;dead;1;883
UM-HET3;C2004;UM;m;UM04970;NDGA;2500;9;dead;1;797
UM-HET3;C2004;UM;f;UM05131;NDGA;2500;9;dead;1;887
UM-HET3;C2004;UM;f;UM05138;NDGA;2500;9;dead;1;635
UM-HET3;C2004;UM;f;UM05145;NDGA;2500;9;dead;1;923
UM-HET3;C2004;UM;f;UM05152;NDGA;2500;9;dead;1;901
UM-HET3;C2004;UT;m;UT00087;NDGA;2500;9;removed;0;329
UM-HET3;C2004;UT;m;UT00088;NDGA;2500;9;dead;1;154
UM-HET3;C2004;UT;m;UT00089;NDGA;2500;9;removed;0;754
UM-HET3;C2004;UT;m;UT00132;NDGA;2500;9;dead;1;967
UM-HET3;C2004;UT;m;UT00133;NDGA;2500;9;dead;1;861
UM-HET3;C2004;UT;m;UT00136;NDGA;2500;9;dead;1;869
UM-HET3;C2004;UT;f;UT00156;NDGA;2500;9;dead;1;972
UM-HET3;C2004;UT;f;UT00157;NDGA;2500;9;dead;1;952
UM-HET3;C2004;UT;f;UT00158;NDGA;2500;9;dead;1;928
UM-HET3;C2004;UT;f;UT00159;NDGA;2500;9;dead;1;899
UM-HET3;C2004;UT;m;UT00202;NDGA;2500;9;dead;1;1135
UM-HET3;C2004;UT;m;UT00203;NDGA;2500;9;dead;1;989
UM-HET3;C2004;UT;m;UT00204;NDGA;2500;9;dead;1;956
UM-HET3;C2004;UT;f;UT00205;NDGA;2500;9;dead;1;991
UM-HET3;C2004;UT;f;UT00206;NDGA;2500;9;dead;1;660
UM-HET3;C2004;UT;f;UT00207;NDGA;2500;9;dead;1;687
UM-HET3;C2004;UT;f;UT00208;NDGA;2500;9;dead;1;767
UM-HET3;C2004;UT;m;UT00223;NDGA;2500;9;dead;1;1168
UM-HET3;C2004;UT;m;UT00224;NDGA;2500;9;dead;1;1020
UM-HET3;C2004;UT;m;UT00226;NDGA;2500;9;dead;1;853
UM-HET3;C2004;UT;f;UT00257;NDGA;2500;9;dead;1;824
UM-HET3;C2004;UT;f;UT00258;NDGA;2500;9;dead;1;848
UM-HET3;C2004;UT;f;UT00259;NDGA;2500;9;dead;1;985
UM-HET3;C2004;UT;f;UT00260;NDGA;2500;9;dead;1;944
UM-HET3;C2004;UT;f;UT00291;NDGA;2500;9;dead;1;1099
UM-HET3;C2004;UT;f;UT00292;NDGA;2500;9;dead;1;770
UM-HET3;C2004;UT;f;UT00293;NDGA;2500;9;dead;1;946
UM-HET3;C2004;UT;f;UT00294;NDGA;2500;9;dead;1;648
UM-HET3;C2004;UT;f;UT00311;NDGA;2500;9;dead;1;966
UM-HET3;C2004;UT;f;UT00312;NDGA;2500;9;removed;0;129
UM-HET3;C2004;UT;f;UT00313;NDGA;2500;9;dead;1;1104
UM-HET3;C2004;UT;f;UT00314;NDGA;2500;9;dead;1;698
UM-HET3;C2004;UT;m;UT00318;NDGA;2500;9;dead;1;881
UM-HET3;C2004;UT;m;UT00319;NDGA;2500;9;dead;1;730
UM-HET3;C2004;UT;m;UT00320;NDGA;2500;9;dead;1;936
UM-HET3;C2004;UT;f;UT00333;NDGA;2500;9;dead;1;721
UM-HET3;C2004;UT;f;UT00339;NDGA;2500;9;dead;1;984
UM-HET3;C2004;UT;f;UT00340;NDGA;2500;9;dead;1;1051
UM-HET3;C2004;UT;f;UT00341;NDGA;2500;9;dead;1;729
UM-HET3;C2004;UT;f;UT00342;NDGA;2500;9;dead;1;1155
UM-HET3;C2004;UT;f;UT00349;NDGA;2500;9;dead;1;682
UM-HET3;C2004;UT;f;UT00350;NDGA;2500;9;dead;1;499
UM-HET3;C2004;UT;f;UT00351;NDGA;2500;9;dead;1;643
UM-HET3;C2004;UT;f;UT00352;NDGA;2500;9;dead;1;717
UM-HET3;C2004;UT;f;UT00360;NDGA;2500;9;dead;1;1002
UM-HET3;C2004;UT;f;UT00361;NDGA;2500;9;dead;1;922
UM-HET3;C2004;UT;f;UT00362;NDGA;2500;9;dead;1;695
UM-HET3;C2004;UT;f;UT00363;NDGA;2500;9;dead;1;692
UM-HET3;C2004;UT;m;UT00406;NDGA;2500;9;dead;1;650
UM-HET3;C2004;UT;m;UT00407;NDGA;2500;9;removed;0;727
UM-HET3;C2004;UT;m;UT00408;NDGA;2500;9;removed;0;715
UM-HET3;C2004;UT;m;UT00420;NDGA;2500;9;dead;1;797
UM-HET3;C2004;UT;m;UT00421;NDGA;2500;9;dead;1;812
UM-HET3;C2004;UT;m;UT00422;NDGA;2500;9;dead;1;1002
UM-HET3;C2004;UT;m;UT00430;NDGA;2500;9;removed;0;217
UM-HET3;C2004;UT;m;UT00431;NDGA;2500;9;removed;0;217
UM-HET3;C2004;UT;m;UT00433;NDGA;2500;9;removed;0;213
UM-HET3;C2004;UT;m;UT00444;NDGA;2500;9;removed;0;698
UM-HET3;C2004;UT;m;UT00445;NDGA;2500;9;dead;1;711
UM-HET3;C2004;UT;m;UT00446;NDGA;2500;9;dead;1;818
UM-HET3;C2004;UT;m;UT00450;NDGA;2500;9;dead;1;659
UM-HET3;C2004;UT;m;UT00451;NDGA;2500;9;dead;1;1129
UM-HET3;C2004;UT;m;UT00452;NDGA;2500;9;dead;1;855
UM-HET3;C2004;UT;f;UT00466;NDGA;2500;9;dead;1;787
UM-HET3;C2004;UT;f;UT00467;NDGA;2500;9;dead;1;913
UM-HET3;C2004;UT;f;UT00468;NDGA;2500;9;dead;1;874
UM-HET3;C2004;UT;f;UT00469;NDGA;2500;9;dead;1;969
UM-HET3;C2004;UT;f;UT00531;NDGA;2500;9;dead;1;764
UM-HET3;C2004;UT;f;UT00532;NDGA;2500;9;dead;1;908
UM-HET3;C2004;UT;f;UT00533;NDGA;2500;9;dead;1;562
UM-HET3;C2004;UT;f;UT00534;NDGA;2500;9;dead;1;921
UM-HET3;C2004;UT;m;UT00538;NDGA;2500;9;dead;1;974
UM-HET3;C2004;UT;m;UT00539;NDGA;2500;9;dead;1;1013
UM-HET3;C2004;UT;m;UT00540;NDGA;2500;9;dead;1;845
UM-HET3;C2004;UT;f;UT00541;NDGA;2500;9;dead;1;810
UM-HET3;C2004;UT;f;UT00542;NDGA;2500;9;dead;1;799
UM-HET3;C2004;UT;f;UT00543;NDGA;2500;9;dead;1;710
UM-HET3;C2004;UT;f;UT00544;NDGA;2500;9;dead;1;921
UM-HET3;C2004;UT;f;UT00561;NDGA;2500;9;dead;1;1026
UM-HET3;C2004;UT;f;UT00562;NDGA;2500;9;dead;1;987
UM-HET3;C2004;UT;f;UT00563;NDGA;2500;9;dead;1;832
UM-HET3;C2004;UT;f;UT00564;NDGA;2500;9;dead;1;1055
UM-HET3;C2004;UT;m;UT00655;NDGA;2500;9;dead;1;323
UM-HET3;C2004;UT;m;UT00656;NDGA;2500;9;dead;1;672
UM-HET3;C2004;UT;m;UT00657;NDGA;2500;9;dead;1;603
UM-HET3;C2004;UT;m;UT00682;NDGA;2500;9;dead;1;600
UM-HET3;C2004;UT;m;UT00683;NDGA;2500;9;dead;1;710
UM-HET3;C2004;UT;m;UT00684;NDGA;2500;9;dead;1;930
UM-HET3;C2004;UT;m;UT00689;NDGA;2500;9;dead;1;589
UM-HET3;C2004;UT;m;UT00690;NDGA;2500;9;dead;1;889
UM-HET3;C2004;UT;m;UT00691;NDGA;2500;9;dead;1;912
UM-HET3;C2004;UT;m;UT00718;NDGA;2500;9;dead;1;839
UM-HET3;C2004;UT;m;UT00719;NDGA;2500;9;dead;1;782
UM-HET3;C2004;UT;m;UT00720;NDGA;2500;9;dead;1;962
UM-HET3;C2004;UT;m;UT00752;NDGA;2500;9;dead;1;1052
UM-HET3;C2004;UT;m;UT00753;NDGA;2500;9;dead;1;746
UM-HET3;C2004;UT;m;UT00754;NDGA;2500;9;dead;1;896
UM-HET3;C2004;UT;m;UT00806;NDGA;2500;9;dead;1;767
UM-HET3;C2004;UT;m;UT00807;NDGA;2500;9;dead;1;1015
UM-HET3;C2004;UT;m;UT00808;NDGA;2500;9;dead;1;1091
UM-HET3;C2004;UT;m;UT00848;NDGA;2500;9;dead;1;746
UM-HET3;C2004;UT;m;UT00849;NDGA;2500;9;dead;1;526
UM-HET3;C2004;UT;m;UT00850;NDGA;2500;9;dead;1;688
UM-HET3;C2004;UT;m;UT00851;NDGA;2500;9;dead;1;962
UM-HET3;C2004;UT;m;UT00852;NDGA;2500;9;dead;1;754
UM-HET3;C2004;UT;m;UT00853;NDGA;2500;9;dead;1;975
UM-HET3;C2004;UT;m;UT00854;NDGA;2500;9;dead;1;90
UM-HET3;C2004;UT;m;UT00855;NDGA;2500;9;dead;1;1035
UM-HET3;C2004;UT;m;UT00856;NDGA;2500;9;dead;1;1031
UM-HET3;C2004;TJL;m;JL00039;NFP;200;4;dead;1;1070
UM-HET3;C2004;TJL;m;JL00040;NFP;200;4;dead;1;1090
UM-HET3;C2004;TJL;m;JL00041;NFP;200;4;dead;1;869
UM-HET3;C2004;TJL;f;JL00077;NFP;200;4;dead;1;1004
UM-HET3;C2004;TJL;f;JL00078;NFP;200;4;dead;1;962
UM-HET3;C2004;TJL;f;JL00079;NFP;200;4;dead;1;983
UM-HET3;C2004;TJL;f;JL00080;NFP;200;4;dead;1;772
UM-HET3;C2004;TJL;m;JL00085;NFP;200;4;dead;1;994
UM-HET3;C2004;TJL;m;JL00086;NFP;200;4;dead;1;419
UM-HET3;C2004;TJL;m;JL00087;NFP;200;4;dead;1;819
UM-HET3;C2004;TJL;f;JL00102;NFP;200;4;dead;1;912
UM-HET3;C2004;TJL;f;JL00103;NFP;200;4;dead;1;772
UM-HET3;C2004;TJL;f;JL00104;NFP;200;4;dead;1;639
UM-HET3;C2004;TJL;f;JL00105;NFP;200;4;dead;1;821
UM-HET3;C2004;TJL;f;JL00109;NFP;200;4;dead;1;1144
UM-HET3;C2004;TJL;f;JL00110;NFP;200;4;dead;1;933
UM-HET3;C2004;TJL;f;JL00111;NFP;200;4;dead;1;779
UM-HET3;C2004;TJL;f;JL00112;NFP;200;4;dead;1;772
UM-HET3;C2004;TJL;f;JL00129;NFP;200;4;dead;1;884
UM-HET3;C2004;TJL;f;JL00130;NFP;200;4;dead;1;925
UM-HET3;C2004;TJL;f;JL00131;NFP;200;4;dead;1;900
UM-HET3;C2004;TJL;f;JL00132;NFP;200;4;dead;1;790
UM-HET3;C2004;TJL;m;JL00172;NFP;200;4;dead;1;983
UM-HET3;C2004;TJL;m;JL00173;NFP;200;4;dead;1;1114
UM-HET3;C2004;TJL;m;JL00174;NFP;200;4;dead;1;1067
UM-HET3;C2004;TJL;f;JL00195;NFP;200;4;dead;1;896
UM-HET3;C2004;TJL;f;JL00196;NFP;200;4;dead;1;946
UM-HET3;C2004;TJL;f;JL00197;NFP;200;4;dead;1;658
UM-HET3;C2004;TJL;f;JL00198;NFP;200;4;dead;1;1030
UM-HET3;C2004;TJL;f;JL00209;NFP;200;4;dead;1;1033
UM-HET3;C2004;TJL;f;JL00210;NFP;200;4;dead;1;538
UM-HET3;C2004;TJL;f;JL00211;NFP;200;4;dead;1;953
UM-HET3;C2004;TJL;f;JL00212;NFP;200;4;dead;1;1084
UM-HET3;C2004;TJL;m;JL00213;NFP;200;4;dead;1;740
UM-HET3;C2004;TJL;m;JL00214;NFP;200;4;dead;1;277
UM-HET3;C2004;TJL;m;JL00215;NFP;200;4;dead;1;636
UM-HET3;C2004;TJL;f;JL00271;NFP;200;4;dead;1;793
UM-HET3;C2004;TJL;f;JL00272;NFP;200;4;dead;1;758
UM-HET3;C2004;TJL;f;JL00273;NFP;200;4;dead;1;1035
UM-HET3;C2004;TJL;f;JL00274;NFP;200;4;dead;1;996
UM-HET3;C2004;TJL;f;JL00293;NFP;200;4;dead;1;1005
UM-HET3;C2004;TJL;f;JL00294;NFP;200;4;dead;1;741
UM-HET3;C2004;TJL;f;JL00295;NFP;200;4;dead;1;915
UM-HET3;C2004;TJL;f;JL00296;NFP;200;4;dead;1;435
UM-HET3;C2004;TJL;f;JL00300;NFP;200;4;dead;1;834
UM-HET3;C2004;TJL;f;JL00301;NFP;200;4;dead;1;694
UM-HET3;C2004;TJL;f;JL00302;NFP;200;4;dead;1;784
UM-HET3;C2004;TJL;f;JL00303;NFP;200;4;dead;1;728
UM-HET3;C2004;TJL;m;JL00311;NFP;200;4;dead;1;855
UM-HET3;C2004;TJL;m;JL00312;NFP;200;4;dead;1;287
UM-HET3;C2004;TJL;m;JL00313;NFP;200;4;dead;1;1203
UM-HET3;C2004;TJL;m;JL00345;NFP;200;4;dead;1;986
UM-HET3;C2004;TJL;m;JL00346;NFP;200;4;dead;1;944
UM-HET3;C2004;TJL;m;JL00347;NFP;200;4;dead;1;628
UM-HET3;C2004;TJL;m;JL00351;NFP;200;4;dead;1;750
UM-HET3;C2004;TJL;m;JL00352;NFP;200;4;dead;1;578
UM-HET3;C2004;TJL;m;JL00353;NFP;200;4;dead;1;648
UM-HET3;C2004;TJL;m;JL00411;NFP;200;4;dead;1;905
UM-HET3;C2004;TJL;m;JL00412;NFP;200;4;dead;1;853
UM-HET3;C2004;TJL;m;JL00413;NFP;200;4;dead;1;897
UM-HET3;C2004;TJL;m;JL00434;NFP;200;4;dead;1;563
UM-HET3;C2004;TJL;m;JL00435;NFP;200;4;dead;1;926
UM-HET3;C2004;TJL;m;JL00436;NFP;200;4;dead;1;771
UM-HET3;C2004;TJL;f;JL00440;NFP;200;4;dead;1;890
UM-HET3;C2004;TJL;f;JL00441;NFP;200;4;dead;1;968
UM-HET3;C2004;TJL;f;JL00442;NFP;200;4;dead;1;1083
UM-HET3;C2004;TJL;f;JL00443;NFP;200;4;dead;1;1018
UM-HET3;C2004;TJL;m;JL00459;NFP;200;4;dead;1;372
UM-HET3;C2004;TJL;m;JL00460;NFP;200;4;dead;1;764
UM-HET3;C2004;TJL;m;JL00461;NFP;200;4;dead;1;639
UM-HET3;C2004;TJL;m;JL00462;NFP;200;4;dead;1;864
UM-HET3;C2004;TJL;m;JL00463;NFP;200;4;dead;1;758
UM-HET3;C2004;TJL;m;JL00464;NFP;200;4;dead;1;612
UM-HET3;C2004;TJL;f;JL00508;NFP;200;4;dead;1;1086
UM-HET3;C2004;TJL;f;JL00509;NFP;200;4;dead;1;943
UM-HET3;C2004;TJL;f;JL00510;NFP;200;4;dead;1;791
UM-HET3;C2004;TJL;f;JL00511;NFP;200;4;dead;1;845
UM-HET3;C2004;TJL;m;JL00512;NFP;200;4;dead;1;1067
UM-HET3;C2004;TJL;m;JL00513;NFP;200;4;dead;1;629
UM-HET3;C2004;TJL;m;JL00514;NFP;200;4;dead;1;608
UM-HET3;C2004;TJL;m;JL00518;NFP;200;4;dead;1;659
UM-HET3;C2004;TJL;m;JL00519;NFP;200;4;dead;1;855
UM-HET3;C2004;TJL;m;JL00520;NFP;200;4;dead;1;911
UM-HET3;C2004;TJL;f;JL00527;NFP;200;4;dead;1;1077
UM-HET3;C2004;TJL;f;JL00528;NFP;200;4;dead;1;769
UM-HET3;C2004;TJL;f;JL00529;NFP;200;4;dead;1;886
UM-HET3;C2004;TJL;f;JL00530;NFP;200;4;dead;1;900
UM-HET3;C2004;TJL;m;JL00557;NFP;200;4;dead;1;466
UM-HET3;C2004;TJL;m;JL00558;NFP;200;4;dead;1;738
UM-HET3;C2004;TJL;m;JL00559;NFP;200;4;dead;1;1006
UM-HET3;C2004;TJL;m;JL00593;NFP;200;4;dead;1;753
UM-HET3;C2004;TJL;m;JL00594;NFP;200;4;dead;1;1143
UM-HET3;C2004;TJL;m;JL00595;NFP;200;4;dead;1;796
UM-HET3;C2004;TJL;m;JL00596;NFP;200;4;dead;1;912
UM-HET3;C2004;TJL;m;JL00597;NFP;200;4;dead;1;1101
UM-HET3;C2004;TJL;m;JL00598;NFP;200;4;dead;1;305
UM-HET3;C2004;TJL;m;JL00599;NFP;200;4;dead;1;773
UM-HET3;C2004;TJL;m;JL00600;NFP;200;4;dead;1;613
UM-HET3;C2004;TJL;m;JL00601;NFP;200;4;dead;1;962
UM-HET3;C2004;TJL;m;JL00602;NFP;200;4;dead;1;682
UM-HET3;C2004;TJL;m;JL00603;NFP;200;4;dead;1;627
UM-HET3;C2004;TJL;m;JL00604;NFP;200;4;dead;1;962
UM-HET3;C2004;TJL;m;JL00724;NFP;200;4;dead;1;770
UM-HET3;C2004;TJL;m;JL00725;NFP;200;4;dead;1;972
UM-HET3;C2004;TJL;m;JL00726;NFP;200;4;dead;1;944
UM-HET3;C2004;TJL;m;JL00850;NFP;200;4;dead;1;996
UM-HET3;C2004;TJL;m;JL00851;NFP;200;4;dead;1;787
UM-HET3;C2004;TJL;m;JL00852;NFP;200;4;dead;1;198
UM-HET3;C2004;UM;m;UM00007;NFP;200;4;dead;1;969
UM-HET3;C2004;UM;m;UM00014;NFP;200;4;dead;1;604
UM-HET3;C2004;UM;m;UM00021;NFP;200;4;dead;1;1093
UM-HET3;C2004;UM;f;UM00224;NFP;200;4;removed;0;170
UM-HET3;C2004;UM;f;UM00231;NFP;200;4;removed;0;170
UM-HET3;C2004;UM;f;UM00238;NFP;200;4;removed;0;170
UM-HET3;C2004;UM;f;UM00245;NFP;200;4;removed;0;170
UM-HET3;C2004;UM;m;UM00301;NFP;200;4;dead;1;786
UM-HET3;C2004;UM;m;UM00308;NFP;200;4;dead;1;854
UM-HET3;C2004;UM;m;UM00315;NFP;200;4;dead;1;955
UM-HET3;C2004;UM;m;UM00434;NFP;200;4;dead;1;974
UM-HET3;C2004;UM;m;UM00441;NFP;200;4;dead;1;1047
UM-HET3;C2004;UM;m;UM00448;NFP;200;4;dead;1;898
UM-HET3;C2004;UM;f;UM00476;NFP;200;4;dead;1;745
UM-HET3;C2004;UM;f;UM00483;NFP;200;4;dead;1;875
UM-HET3;C2004;UM;f;UM00490;NFP;200;4;dead;1;720
UM-HET3;C2004;UM;f;UM00497;NFP;200;4;dead;1;875
UM-HET3;C2004;UM;f;UM00644;NFP;200;4;dead;1;1019
UM-HET3;C2004;UM;f;UM00651;NFP;200;4;dead;1;759
UM-HET3;C2004;UM;f;UM00658;NFP;200;4;dead;1;892
UM-HET3;C2004;UM;f;UM00665;NFP;200;4;dead;1;1210
UM-HET3;C2004;UM;f;UM00784;NFP;200;4;dead;1;853
UM-HET3;C2004;UM;f;UM00791;NFP;200;4;dead;1;1104
UM-HET3;C2004;UM;f;UM00798;NFP;200;4;dead;1;876
UM-HET3;C2004;UM;f;UM00805;NFP;200;4;dead;1;769
UM-HET3;C2004;UM;m;UM00833;NFP;200;4;dead;1;1094
UM-HET3;C2004;UM;m;UM00840;NFP;200;4;dead;1;369
UM-HET3;C2004;UM;m;UM00847;NFP;200;4;dead;1;853
UM-HET3;C2004;UM;m;UM00854;NFP;200;4;dead;1;814
UM-HET3;C2004;UM;m;UM00861;NFP;200;4;dead;1;954
UM-HET3;C2004;UM;m;UM00868;NFP;200;4;dead;1;299
UM-HET3;C2004;UM;f;UM00973;NFP;200;4;dead;1;921
UM-HET3;C2004;UM;f;UM00980;NFP;200;4;dead;1;771
UM-HET3;C2004;UM;f;UM00987;NFP;200;4;dead;1;504
UM-HET3;C2004;UM;f;UM00994;NFP;200;4;dead;1;919
UM-HET3;C2004;UM;f;UM01043;NFP;200;4;dead;1;938
UM-HET3;C2004;UM;f;UM01050;NFP;200;4;dead;1;1024
UM-HET3;C2004;UM;f;UM01057;NFP;200;4;dead;1;797
UM-HET3;C2004;UM;f;UM01064;NFP;200;4;dead;1;855
UM-HET3;C2004;UM;m;UM01302;NFP;200;4;dead;1;793
UM-HET3;C2004;UM;m;UM01309;NFP;200;4;dead;1;793
UM-HET3;C2004;UM;m;UM01316;NFP;200;4;dead;1;728
UM-HET3;C2004;UM;m;UM01400;NFP;200;4;dead;1;1025
UM-HET3;C2004;UM;m;UM01407;NFP;200;4;dead;1;733
UM-HET3;C2004;UM;m;UM01414;NFP;200;4;dead;1;1190
UM-HET3;C2004;UM;f;UM01869;NFP;200;4;dead;1;979
UM-HET3;C2004;UM;f;UM01876;NFP;200;4;dead;1;799
UM-HET3;C2004;UM;f;UM01883;NFP;200;4;dead;1;961
UM-HET3;C2004;UM;f;UM01890;NFP;200;4;dead;1;992
UM-HET3;C2004;UM;f;UM01918;NFP;200;4;dead;1;919
UM-HET3;C2004;UM;f;UM01925;NFP;200;4;dead;1;919
UM-HET3;C2004;UM;f;UM01932;NFP;200;4;dead;1;1052
UM-HET3;C2004;UM;f;UM01939;NFP;200;4;dead;1;1034
UM-HET3;C2004;UM;f;UM02016;NFP;200;4;dead;1;714
UM-HET3;C2004;UM;f;UM02023;NFP;200;4;dead;1;924
UM-HET3;C2004;UM;f;UM02030;NFP;200;4;dead;1;929
UM-HET3;C2004;UM;f;UM02037;NFP;200;4;dead;1;828
UM-HET3;C2004;UM;m;UM02163;NFP;200;4;dead;1;903
UM-HET3;C2004;UM;m;UM02170;NFP;200;4;dead;1;590
UM-HET3;C2004;UM;m;UM02177;NFP;200;4;dead;1;815
UM-HET3;C2004;UM;m;UM02457;NFP;200;4;dead;1;910
UM-HET3;C2004;UM;m;UM02464;NFP;200;4;dead;1;1099
UM-HET3;C2004;UM;m;UM02471;NFP;200;4;dead;1;491
UM-HET3;C2004;UM;m;UM02478;NFP;200;4;dead;1;800
UM-HET3;C2004;UM;m;UM02485;NFP;200;4;dead;1;480
UM-HET3;C2004;UM;m;UM02492;NFP;200;4;dead;1;998
UM-HET3;C2004;UM;m;UM02814;NFP;200;4;dead;1;706
UM-HET3;C2004;UM;m;UM02821;NFP;200;4;dead;1;695
UM-HET3;C2004;UM;m;UM02828;NFP;200;4;dead;1;957
UM-HET3;C2004;UM;m;UM02877;NFP;200;4;dead;1;969
UM-HET3;C2004;UM;m;UM02884;NFP;200;4;dead;1;657
UM-HET3;C2004;UM;m;UM02891;NFP;200;4;dead;1;403
UM-HET3;C2004;UM;f;UM02968;NFP;200;4;removed;0;223
UM-HET3;C2004;UM;f;UM02975;NFP;200;4;removed;0;223
UM-HET3;C2004;UM;f;UM02982;NFP;200;4;removed;0;223
UM-HET3;C2004;UM;f;UM02989;NFP;200;4;removed;0;223
UM-HET3;C2004;UM;f;UM03360;NFP;200;4;dead;1;923
UM-HET3;C2004;UM;f;UM03367;NFP;200;4;dead;1;769
UM-HET3;C2004;UM;f;UM03374;NFP;200;4;dead;1;1162
UM-HET3;C2004;UM;f;UM03381;NFP;200;4;dead;1;897
UM-HET3;C2004;UM;m;UM03913;NFP;200;4;dead;1;1017
UM-HET3;C2004;UM;m;UM03920;NFP;200;4;dead;1;923
UM-HET3;C2004;UM;m;UM03927;NFP;200;4;dead;1;753
UM-HET3;C2004;UM;f;UM04018;NFP;200;4;dead;1;698
UM-HET3;C2004;UM;f;UM04025;NFP;200;4;dead;1;857
UM-HET3;C2004;UM;f;UM04032;NFP;200;4;dead;1;949
UM-HET3;C2004;UM;f;UM04039;NFP;200;4;dead;1;685
UM-HET3;C2004;UM;m;UM04207;NFP;200;4;dead;1;811
UM-HET3;C2004;UM;m;UM04214;NFP;200;4;dead;1;862
UM-HET3;C2004;UM;m;UM04221;NFP;200;4;dead;1;908
UM-HET3;C2004;UM;m;UM04298;NFP;200;4;dead;1;947
UM-HET3;C2004;UM;m;UM04305;NFP;200;4;dead;1;820
UM-HET3;C2004;UM;m;UM04312;NFP;200;4;dead;1;885
UM-HET3;C2004;UM;m;UM04340;NFP;200;4;dead;1;739
UM-HET3;C2004;UM;m;UM04347;NFP;200;4;dead;1;831
UM-HET3;C2004;UM;m;UM04354;NFP;200;4;dead;1;1028
UM-HET3;C2004;UM;m;UM04557;NFP;200;4;dead;1;642
UM-HET3;C2004;UM;m;UM04564;NFP;200;4;dead;1;642
UM-HET3;C2004;UM;m;UM04571;NFP;200;4;dead;1;642
UM-HET3;C2004;UM;m;UM04746;NFP;200;4;dead;1;561
UM-HET3;C2004;UM;m;UM04753;NFP;200;4;dead;1;1012
UM-HET3;C2004;UM;m;UM04760;NFP;200;4;dead;1;775
UM-HET3;C2004;UM;m;UM04788;NFP;200;4;dead;1;1011
UM-HET3;C2004;UM;m;UM04795;NFP;200;4;dead;1;788
UM-HET3;C2004;UM;m;UM04802;NFP;200;4;dead;1;970
UM-HET3;C2004;UM;m;UM05082;NFP;200;4;removed;0;630
UM-HET3;C2004;UM;m;UM05089;NFP;200;4;removed;0;630
UM-HET3;C2004;UM;m;UM05096;NFP;200;4;removed;0;630
UM-HET3;C2004;UT;m;UT00005;NFP;200;4;dead;1;444
UM-HET3;C2004;UT;m;UT00006;NFP;200;4;dead;1;561
UM-HET3;C2004;UT;m;UT00007;NFP;200;4;dead;1;1027
UM-HET3;C2004;UT;m;UT00008;NFP;200;4;dead;1;444
UM-HET3;C2004;UT;m;UT00009;NFP;200;4;dead;1;907
UM-HET3;C2004;UT;m;UT00010;NFP;200;4;dead;1;903
UM-HET3;C2004;UT;f;UT00031;NFP;200;4;dead;1;1217
UM-HET3;C2004;UT;f;UT00032;NFP;200;4;dead;1;920
UM-HET3;C2004;UT;f;UT00033;NFP;200;4;dead;1;1169
UM-HET3;C2004;UT;f;UT00034;NFP;200;4;dead;1;916
UM-HET3;C2004;UT;m;UT00146;NFP;200;4;dead;1;927
UM-HET3;C2004;UT;m;UT00147;NFP;200;4;dead;1;725
UM-HET3;C2004;UT;m;UT00148;NFP;200;4;dead;1;683
UM-HET3;C2004;UT;f;UT00190;NFP;200;4;dead;1;973
UM-HET3;C2004;UT;f;UT00191;NFP;200;4;dead;1;883
UM-HET3;C2004;UT;f;UT00192;NFP;200;4;dead;1;862
UM-HET3;C2004;UT;f;UT00193;NFP;200;4;dead;1;972
UM-HET3;C2004;UT;m;UT00246;NFP;200;4;dead;1;715
UM-HET3;C2004;UT;m;UT00249;NFP;200;4;dead;1;1145
UM-HET3;C2004;UT;m;UT00250;NFP;200;4;dead;1;700
UM-HET3;C2004;UT;f;UT00287;NFP;200;4;dead;1;449
UM-HET3;C2004;UT;f;UT00288;NFP;200;4;dead;1;795
UM-HET3;C2004;UT;f;UT00289;NFP;200;4;dead;1;720
UM-HET3;C2004;UT;f;UT00290;NFP;200;4;dead;1;477
UM-HET3;C2004;UT;m;UT00325;NFP;200;4;dead;1;305
UM-HET3;C2004;UT;m;UT00326;NFP;200;4;dead;1;896
UM-HET3;C2004;UT;m;UT00327;NFP;200;4;dead;1;866
UM-HET3;C2004;UT;m;UT00343;NFP;200;4;removed;0;569
UM-HET3;C2004;UT;m;UT00344;NFP;200;4;dead;1;682
UM-HET3;C2004;UT;m;UT00345;NFP;200;4;dead;1;506
UM-HET3;C2004;UT;m;UT00364;NFP;200;4;dead;1;524
UM-HET3;C2004;UT;m;UT00365;NFP;200;4;dead;1;764
UM-HET3;C2004;UT;m;UT00366;NFP;200;4;dead;1;973
UM-HET3;C2004;UT;f;UT00367;NFP;200;4;dead;1;789
UM-HET3;C2004;UT;f;UT00368;NFP;200;4;dead;1;442
UM-HET3;C2004;UT;f;UT00369;NFP;200;4;dead;1;635
UM-HET3;C2004;UT;f;UT00370;NFP;200;4;dead;1;670
UM-HET3;C2004;UT;f;UT00381;NFP;200;4;dead;1;749
UM-HET3;C2004;UT;f;UT00382;NFP;200;4;dead;1;980
UM-HET3;C2004;UT;f;UT00383;NFP;200;4;dead;1;1035
UM-HET3;C2004;UT;f;UT00384;NFP;200;4;dead;1;871
UM-HET3;C2004;UT;f;UT00409;NFP;200;4;dead;1;917
UM-HET3;C2004;UT;f;UT00410;NFP;200;4;dead;1;755
UM-HET3;C2004;UT;f;UT00411;NFP;200;4;dead;1;879
UM-HET3;C2004;UT;f;UT00412;NFP;200;4;dead;1;1039
UM-HET3;C2004;UT;f;UT00427;NFP;200;4;dead;1;896
UM-HET3;C2004;UT;f;UT00428;NFP;200;4;dead;1;212
UM-HET3;C2004;UT;f;UT00429;NFP;200;4;dead;1;823
UM-HET3;C2004;UT;f;UT00432;NFP;200;4;dead;1;638
UM-HET3;C2004;UT;f;UT00483;NFP;200;4;dead;1;1104
UM-HET3;C2004;UT;f;UT00484;NFP;200;4;dead;1;510
UM-HET3;C2004;UT;f;UT00485;NFP;200;4;dead;1;842
UM-HET3;C2004;UT;f;UT00486;NFP;200;4;dead;1;664
UM-HET3;C2004;UT;f;UT00490;NFP;200;4;dead;1;948
UM-HET3;C2004;UT;f;UT00491;NFP;200;4;dead;1;772
UM-HET3;C2004;UT;f;UT00492;NFP;200;4;dead;1;901
UM-HET3;C2004;UT;f;UT00493;NFP;200;4;dead;1;711
UM-HET3;C2004;UT;m;UT00514;NFP;200;4;dead;1;709
UM-HET3;C2004;UT;m;UT00515;NFP;200;4;dead;1;959
UM-HET3;C2004;UT;m;UT00516;NFP;200;4;dead;1;648
UM-HET3;C2004;UT;m;UT00535;NFP;200;4;removed;0;684
UM-HET3;C2004;UT;m;UT00536;NFP;200;4;dead;1;501
UM-HET3;C2004;UT;m;UT00537;NFP;200;4;dead;1;1010
UM-HET3;C2004;UT;m;UT00569;NFP;200;4;dead;1;756
UM-HET3;C2004;UT;m;UT00570;NFP;200;4;dead;1;227
UM-HET3;C2004;UT;m;UT00571;NFP;200;4;dead;1;1020
UM-HET3;C2004;UT;m;UT00623;NFP;200;4;dead;1;552
UM-HET3;C2004;UT;m;UT00624;NFP;200;4;dead;1;384
UM-HET3;C2004;UT;m;UT00625;NFP;200;4;dead;1;815
UM-HET3;C2004;UT;f;UT00675;NFP;200;4;dead;1;787
UM-HET3;C2004;UT;f;UT00676;NFP;200;4;dead;1;736
UM-HET3;C2004;UT;f;UT00677;NFP;200;4;dead;1;637
UM-HET3;C2004;UT;f;UT00678;NFP;200;4;dead;1;1086
UM-HET3;C2004;UT;f;UT00702;NFP;200;4;dead;1;1087
UM-HET3;C2004;UT;f;UT00703;NFP;200;4;dead;1;973
UM-HET3;C2004;UT;f;UT00704;NFP;200;4;dead;1;825
UM-HET3;C2004;UT;f;UT00705;NFP;200;4;dead;1;256
UM-HET3;C2004;UT;f;UT00778;NFP;200;4;dead;1;1000
UM-HET3;C2004;UT;f;UT00779;NFP;200;4;dead;1;911
UM-HET3;C2004;UT;f;UT00780;NFP;200;4;dead;1;539
UM-HET3;C2004;UT;f;UT00781;NFP;200;4;dead;1;779
UM-HET3;C2004;UT;m;UT00782;NFP;200;4;removed;0;58
UM-HET3;C2004;UT;m;UT00783;NFP;200;4;dead;1;525
UM-HET3;C2004;UT;m;UT00784;NFP;200;4;dead;1;152
UM-HET3;C2004;UT;m;UT00812;NFP;200;4;dead;1;1132
UM-HET3;C2004;UT;m;UT00813;NFP;200;4;dead;1;438
UM-HET3;C2004;UT;m;UT00814;NFP;200;4;dead;1;833
UM-HET3;C2004;UT;m;UT00818;NFP;200;4;dead;1;888
UM-HET3;C2004;UT;m;UT00819;NFP;200;4;dead;1;851
UM-HET3;C2004;UT;m;UT00820;NFP;200;4;dead;1;981
UM-HET3;C2004;UT;m;UT00824;NFP;200;4;dead;1;874
UM-HET3;C2004;UT;m;UT00825;NFP;200;4;dead;1;782
UM-HET3;C2004;UT;m;UT00826;NFP;200;4;dead;1;489
UM-HET3;C2004;UT;m;UT00827;NFP;200;4;dead;1;956
UM-HET3;C2004;UT;m;UT00828;NFP;200;4;dead;1;908
UM-HET3;C2004;UT;m;UT00829;NFP;200;4;dead;1;907
UM-HET3;C2004;UT;m;UT00830;NFP;200;4;dead;1;559
UM-HET3;C2004;UT;m;UT00831;NFP;200;4;dead;1;705
UM-HET3;C2004;UT;m;UT00832;NFP;200;4;dead;1;639
UM-HET3;C2004;UT;m;UT00836;NFP;200;4;removed;0;628
UM-HET3;C2004;UT;m;UT00837;NFP;200;4;removed;0;628
UM-HET3;C2004;UT;m;UT00838;NFP;200;4;removed;0;628
UM-HET3;C2004;UT;m;UT00842;NFP;200;4;dead;1;646
UM-HET3;C2004;UT;m;UT00843;NFP;200;4;dead;1;933
UM-HET3;C2004;UT;m;UT00844;NFP;200;4;dead;1;597
UM-HET3;C2004;UT;m;UT00845;NFP;200;4;dead;1;845
UM-HET3;C2004;UT;m;UT00846;NFP;200;4;dead;1;774
UM-HET3;C2004;UT;m;UT00847;NFP;200;4;dead;1;820
UM-HET3;C2004;UT;m;UT00875;NFP;200;4;dead;1;948